id,timestamp,host,process,message,location
437860700287800825,2014-02-26T13:24:09Z,domain1,kernel,"[167836.082962] CPU4: Package temperature above threshold, cpu clock throttled (total events = 466767)",THA
437860700287800826,2014-02-26T13:24:09Z,domain4,kernel,"[167836.082966] CPU6: Package temperature above threshold, cpu clock throttled (total events = 466767)",JPN
437860700287800827,2014-02-26T13:24:09Z,domain5,kernel,"[167836.082969] CPU7: Package temperature above threshold, cpu clock throttled (total events = 466767)",THA
437860700287800828,2014-02-26T13:24:09Z,domain3,kernel,[167836.087934] CPU0: Core temperature/speed normal,THA
437860700287800829,2014-02-26T13:24:09Z,domain5,kernel,[167836.087936] CPU1: Core temperature/speed normal,ISR
437860700287800830,2014-02-26T13:24:09Z,domain3,kernel,[167836.087938] CPU1: Package temperature/speed normal,THA
437860700287800831,2014-02-26T13:24:09Z,domain1,kernel,[167836.087939] CPU0: Package temperature/speed normal,ITA
437860700287800832,2014-02-26T13:24:09Z,domain4,kernel,[167836.087974] CPU2: Package temperature/speed normal,JPN
437860700287800833,2014-02-26T13:24:09Z,domain5,kernel,[167836.087977] CPU3: Package temperature/speed normal,JPN
437860700287800834,2014-02-26T13:24:09Z,domain5,kernel,[167836.087980] CPU5: Package temperature/speed normal,ITA
437860700287800835,2014-02-26T13:24:09Z,domain5,kernel,[167836.087982] CPU4: Package temperature/speed normal,ISR
437860700287800836,2014-02-26T13:24:09Z,domain5,kernel,[167836.087985] CPU7: Package temperature/speed normal,USA
437860700287800837,2014-02-26T13:24:09Z,domain1,kernel,[167836.087987] CPU6: Package temperature/speed normal,NZL
437860700287800838,2014-02-26T13:29:29Z,domain2,kernel,"[168156.072817] CPU6: Package temperature above threshold, cpu clock throttled (total events = 466957)",JPN
437860700287800839,2014-02-26T13:29:29Z,domain5,kernel,"[168156.072821] CPU7: Package temperature above threshold, cpu clock throttled (total events = 466957)",JPN
437860700287800840,2014-02-26T13:29:29Z,domain3,kernel,"[168156.072824] CPU0: Core temperature above threshold, cpu clock throttled (total events = 299094)",CUW
437860700287800841,2014-02-26T13:29:29Z,domain3,kernel,"[168156.072828] CPU2: Package temperature above threshold, cpu clock throttled (total events = 466957)",JPN
437860700287800842,2014-02-26T13:29:29Z,domain2,kernel,"[168156.072832] CPU4: Package temperature above threshold, cpu clock throttled (total events = 466957)",FRA
437860700287800843,2014-02-26T13:29:29Z,domain4,kernel,"[168156.072835] CPU3: Package temperature above threshold, cpu clock throttled (total events = 466957)",USA
437860700287800844,2014-02-26T13:29:29Z,domain3,kernel,"[168156.072837] CPU5: Package temperature above threshold, cpu clock throttled (total events = 466957)",USA
437860700287800845,2014-02-26T13:29:29Z,domain3,kernel,"[168156.072840] CPU1: Core temperature above threshold, cpu clock throttled (total events = 299094)",USA
437860700287800846,2014-02-26T13:29:29Z,domain4,kernel,"[168156.072842] CPU0: Package temperature above threshold, cpu clock throttled (total events = 466957)",FRA
437860700287800847,2014-02-26T13:29:29Z,domain5,kernel,"[168156.072844] CPU1: Package temperature above threshold, cpu clock throttled (total events = 466957)",THA
437860700287800848,2014-02-26T13:29:29Z,domain1,kernel,[168156.074818] CPU0: Core temperature/speed normal,NZL
437860700287800849,2014-02-26T13:29:29Z,domain1,kernel,[168156.074820] CPU4: Package temperature/speed normal,CUW
437860700287800850,2014-02-26T13:29:29Z,domain3,kernel,[168156.074823] CPU3: Package temperature/speed normal,CUW
437860700287800851,2014-02-26T13:29:29Z,domain5,kernel,[168156.074826] CPU2: Package temperature/speed normal,CUW
437860700287800852,2014-02-26T13:29:29Z,domain1,kernel,[168156.074828] CPU5: Package temperature/speed normal,ITA
437860700287800853,2014-02-26T13:29:29Z,domain3,kernel,[168156.074830] CPU7: Package temperature/speed normal,FRA
437860700287800854,2014-02-26T13:29:29Z,domain4,kernel,[168156.074832] CPU6: Package temperature/speed normal,FRA
437860700287800855,2014-02-26T13:29:29Z,domain2,kernel,[168156.074834] CPU1: Core temperature/speed normal,NZL
437860700287800856,2014-02-26T13:29:29Z,domain4,kernel,[168156.074836] CPU1: Package temperature/speed normal,NZL
437860700287800857,2014-02-26T13:29:29Z,domain3,kernel,[168156.074838] CPU0: Package temperature/speed normal,NZL
437860700287800858,2014-02-26T13:34:29Z,domain3,kernel,"[168456.249910] CPU2: Package temperature above threshold, cpu clock throttled (total events = 467830)",ISR
437860700287800859,2014-02-26T13:34:29Z,domain1,kernel,"[168456.249914] CPU5: Package temperature above threshold, cpu clock throttled (total events = 467830)",CUW
437860700287800860,2014-02-26T13:34:29Z,domain3,kernel,"[168456.249917] CPU0: Package temperature above threshold, cpu clock throttled (total events = 467830)",FRA
437860700287800861,2014-02-26T13:34:29Z,domain2,kernel,"[168456.249921] CPU1: Package temperature above threshold, cpu clock throttled (total events = 467830)",FRA
437860700287800862,2014-02-26T13:34:29Z,domain5,kernel,"[168456.249924] CPU7: Package temperature above threshold, cpu clock throttled (total events = 467830)",USA
437860700287800863,2014-02-26T13:34:29Z,domain3,kernel,"[168456.249927] CPU6: Package temperature above threshold, cpu clock throttled (total events = 467830)",ITA
437860700287800864,2014-02-26T13:34:29Z,domain3,kernel,"[168456.249930] CPU4: Package temperature above threshold, cpu clock throttled (total events = 467830)",ISR
437860700287800865,2014-02-26T13:34:29Z,domain2,kernel,"[168456.249933] CPU3: Package temperature above threshold, cpu clock throttled (total events = 467830)",FRA
437860700287800866,2014-02-26T13:34:29Z,domain4,kernel,[168456.251907] CPU0: Package temperature/speed normal,CUW
437860700287800867,2014-02-26T13:34:29Z,domain1,kernel,[168456.251910] CPU2: Package temperature/speed normal,JPN
437860700287800868,2014-02-26T13:34:29Z,domain1,kernel,[168456.251913] CPU6: Package temperature/speed normal,ISR
437860700287800869,2014-02-26T13:34:29Z,domain5,kernel,[168456.251915] CPU7: Package temperature/speed normal,ISR
437860700287800870,2014-02-26T13:34:29Z,domain2,kernel,[168456.251917] CPU4: Package temperature/speed normal,THA
437860700287800871,2014-02-26T13:34:29Z,domain5,kernel,[168456.251919] CPU5: Package temperature/speed normal,THA
437860700287800872,2014-02-26T13:34:29Z,domain3,kernel,[168456.251921] CPU3: Package temperature/speed normal,USA
437860700287800873,2014-02-26T13:34:29Z,domain5,kernel,[168456.251924] CPU1: Package temperature/speed normal,NZL
437860700287800874,2014-02-26T13:39:30Z,domain4,kernel,"[168756.652769] CPU4: Package temperature above threshold, cpu clock throttled (total events = 469310)",JPN
437860700287800875,2014-02-26T13:39:30Z,domain5,kernel,"[168756.652774] CPU2: Package temperature above threshold, cpu clock throttled (total events = 469310)",THA
437860700287800876,2014-02-26T13:39:30Z,domain1,kernel,"[168756.652778] CPU7: Package temperature above threshold, cpu clock throttled (total events = 469310)",JPN
437860700287800877,2014-02-26T13:39:30Z,domain3,kernel,"[168756.652781] CPU0: Core temperature above threshold, cpu clock throttled (total events = 300736)",NZL
437860700287800878,2014-02-26T13:39:30Z,domain4,kernel,"[168756.652785] CPU3: Package temperature above threshold, cpu clock throttled (total events = 469310)",CUW
437860700287800879,2014-02-26T13:39:30Z,domain5,kernel,"[168756.652788] CPU5: Package temperature above threshold, cpu clock throttled (total events = 469310)",FRA
437860700287800880,2014-02-26T13:39:30Z,domain3,kernel,"[168756.652791] CPU6: Package temperature above threshold, cpu clock throttled (total events = 469310)",CUW
437860700287800881,2014-02-26T13:39:30Z,domain1,kernel,"[168756.652794] CPU1: Core temperature above threshold, cpu clock throttled (total events = 300736)",FRA
437860700287800882,2014-02-26T13:39:30Z,domain3,kernel,"[168756.652796] CPU0: Package temperature above threshold, cpu clock throttled (total events = 469310)",ISR
437860700287800883,2014-02-26T13:39:30Z,domain5,kernel,"[168756.652798] CPU1: Package temperature above threshold, cpu clock throttled (total events = 469310)",THA
437860700287800884,2014-02-26T13:39:30Z,domain1,kernel,[168756.653757] CPU4: Package temperature/speed normal,ISR
437860700287800885,2014-02-26T13:39:30Z,domain2,kernel,[168756.653760] CPU3: Package temperature/speed normal,THA
437860700287800886,2014-02-26T13:39:30Z,domain4,kernel,[168756.653763] CPU0: Core temperature/speed normal,ITA
437860700287800887,2014-02-26T13:39:30Z,domain5,kernel,[168756.653765] CPU2: Package temperature/speed normal,JPN
437860700287800888,2014-02-26T13:39:30Z,domain5,kernel,[168756.653768] CPU7: Package temperature/speed normal,USA
437860700287800889,2014-02-26T13:39:30Z,domain5,kernel,[168756.653769] CPU5: Package temperature/speed normal,THA
437860700287800890,2014-02-26T13:39:30Z,domain1,kernel,[168756.653771] CPU1: Core temperature/speed normal,CUW
437860700287800891,2014-02-26T13:39:30Z,domain3,kernel,[168756.653774] CPU6: Package temperature/speed normal,CUW
437860700287800892,2014-02-26T13:39:30Z,domain3,kernel,[168756.653775] CPU0: Package temperature/speed normal,ISR
437860700287800893,2014-02-26T13:39:30Z,domain4,kernel,[168756.653777] CPU1: Package temperature/speed normal,NZL
437860700287800894,2014-02-26T13:44:39Z,domain2,kernel,"[169066.127839] CPU1: Core temperature above threshold, cpu clock throttled (total events = 301714)",ISR
437860700287800895,2014-02-26T13:44:39Z,domain1,kernel,"[169066.127843] CPU4: Package temperature above threshold, cpu clock throttled (total events = 470530)",USA
437860700287800896,2014-02-26T13:44:39Z,domain2,kernel,"[169066.127846] CPU0: Core temperature above threshold, cpu clock throttled (total events = 301714)",JPN
437860700287800897,2014-02-26T13:44:39Z,domain1,kernel,"[169066.127850] CPU3: Package temperature above threshold, cpu clock throttled (total events = 470530)",ITA
437860700287800898,2014-02-26T13:44:39Z,domain1,kernel,"[169066.127853] CPU5: Package temperature above threshold, cpu clock throttled (total events = 470530)",ISR
437860700287800899,2014-02-26T13:44:39Z,domain4,kernel,"[169066.127857] CPU6: Package temperature above threshold, cpu clock throttled (total events = 470530)",CUW
437860700287800900,2014-02-26T13:44:39Z,domain5,kernel,"[169066.127860] CPU7: Package temperature above threshold, cpu clock throttled (total events = 470530)",ITA
437860700287800901,2014-02-26T13:44:39Z,domain2,kernel,"[169066.127863] CPU2: Package temperature above threshold, cpu clock throttled (total events = 470530)",JPN
437860700287800902,2014-02-26T13:44:39Z,domain1,kernel,"[169066.127865] CPU0: Package temperature above threshold, cpu clock throttled (total events = 470530)",CUW
437860700287800903,2014-02-26T13:44:39Z,domain4,kernel,"[169066.127868] CPU1: Package temperature above threshold, cpu clock throttled (total events = 470530)",FRA
437860700287800904,2014-02-26T13:44:39Z,domain5,kernel,[169066.128843] CPU0: Core temperature/speed normal,ISR
437860700287800905,2014-02-26T13:44:39Z,domain3,kernel,[169066.128846] CPU1: Core temperature/speed normal,FRA
437860700287800906,2014-02-26T13:44:39Z,domain1,kernel,[169066.128849] CPU7: Package temperature/speed normal,FRA
437860700287800907,2014-02-26T13:44:39Z,domain1,kernel,[169066.128851] CPU4: Package temperature/speed normal,USA
437860700287800908,2014-02-26T13:44:39Z,domain4,kernel,[169066.128854] CPU5: Package temperature/speed normal,JPN
437860700287800909,2014-02-26T13:44:39Z,domain3,kernel,[169066.128856] CPU6: Package temperature/speed normal,ITA
437860700287800910,2014-02-26T13:44:39Z,domain2,kernel,[169066.128857] CPU1: Package temperature/speed normal,USA
437860700287800911,2014-02-26T13:44:39Z,domain1,kernel,[169066.128860] CPU2: Package temperature/speed normal,ITA
437860700287800912,2014-02-26T13:44:39Z,domain4,kernel,[169066.128862] CPU3: Package temperature/speed normal,FRA
437860700287800913,2014-02-26T13:44:39Z,domain5,kernel,[169066.128863] CPU0: Package temperature/speed normal,JPN
437860700287800914,2014-02-26T13:49:58Z,domain4,kernel,"[169385.383399] CPU1: Core temperature above threshold, cpu clock throttled (total events = 302475)",NZL
437860700287800915,2014-02-26T13:49:58Z,domain2,kernel,"[169385.383402] CPU0: Core temperature above threshold, cpu clock throttled (total events = 302475)",USA
437860700287800916,2014-02-26T13:49:58Z,domain2,kernel,"[169385.383405] CPU0: Package temperature above threshold, cpu clock throttled (total events = 471533)",ITA
437860700287800917,2014-02-26T13:49:58Z,domain3,kernel,"[169385.383407] CPU1: Package temperature above threshold, cpu clock throttled (total events = 471533)",CUW
437860700287800918,2014-02-26T13:49:58Z,domain5,kernel,"[169385.383428] CPU2: Package temperature above threshold, cpu clock throttled (total events = 471533)",ITA
437860700287800919,2014-02-26T13:49:58Z,domain5,kernel,"[169385.383431] CPU3: Package temperature above threshold, cpu clock throttled (total events = 471533)",USA
437860700287800920,2014-02-26T13:49:58Z,domain1,kernel,"[169385.383435] CPU4: Package temperature above threshold, cpu clock throttled (total events = 471533)",JPN
437860700287800921,2014-02-26T13:49:58Z,domain3,kernel,"[169385.383438] CPU5: Package temperature above threshold, cpu clock throttled (total events = 471533)",CUW
437860700287800922,2014-02-26T13:49:58Z,domain4,kernel,"[169385.383442] CPU6: Package temperature above threshold, cpu clock throttled (total events = 471533)",USA
437860700287800923,2014-02-26T13:49:58Z,domain4,kernel,"[169385.383445] CPU7: Package temperature above threshold, cpu clock throttled (total events = 471533)",THA
437860700287800924,2014-02-26T13:49:58Z,domain5,kernel,[169385.384443] CPU1: Core temperature/speed normal,JPN
437860700287800925,2014-02-26T13:49:58Z,domain3,kernel,[169385.384453] CPU0: Core temperature/speed normal,USA
437860700287800926,2014-02-26T13:49:58Z,domain2,kernel,[169385.384455] CPU2: Package temperature/speed normal,FRA
437860700287800927,2014-02-26T13:49:58Z,domain4,kernel,[169385.384457] CPU3: Package temperature/speed normal,CUW
437860700287800928,2014-02-26T13:49:58Z,domain1,kernel,[169385.384458] CPU0: Package temperature/speed normal,ISR
437860700287800929,2014-02-26T13:49:58Z,domain5,kernel,[169385.384461] CPU5: Package temperature/speed normal,CUW
437860700287800930,2014-02-26T13:49:58Z,domain1,kernel,[169385.384463] CPU4: Package temperature/speed normal,THA
437860700287800931,2014-02-26T13:49:58Z,domain5,kernel,[169385.384466] CPU6: Package temperature/speed normal,NZL
437860700287800932,2014-02-26T13:49:58Z,domain5,kernel,[169385.384468] CPU7: Package temperature/speed normal,USA
437860700287800933,2014-02-26T13:49:58Z,domain5,kernel,[169385.384472] CPU1: Package temperature/speed normal,NZL
437860700287800934,2014-02-26T13:56:10Z,domain2,kernel,"[169757.231844] CPU0: Core temperature above threshold, cpu clock throttled (total events = 302630)",FRA
437860700287800935,2014-02-26T13:56:10Z,domain3,kernel,"[169757.231848] CPU6: Package temperature above threshold, cpu clock throttled (total events = 471704)",FRA
437860700287800936,2014-02-26T13:56:10Z,domain3,kernel,"[169757.231852] CPU3: Package temperature above threshold, cpu clock throttled (total events = 471704)",CUW
437860700287800937,2014-02-26T13:56:10Z,domain4,kernel,"[169757.231855] CPU1: Core temperature above threshold, cpu clock throttled (total events = 302630)",JPN
437860700287800938,2014-02-26T13:56:10Z,domain2,kernel,"[169757.231858] CPU7: Package temperature above threshold, cpu clock throttled (total events = 471704)",JPN
437860700287800939,2014-02-26T13:56:10Z,domain5,kernel,"[169757.231861] CPU2: Package temperature above threshold, cpu clock throttled (total events = 471704)",ISR
437860700287800940,2014-02-26T13:56:10Z,domain2,kernel,"[169757.231864] CPU1: Package temperature above threshold, cpu clock throttled (total events = 471704)",USA
437860700287800941,2014-02-26T13:56:10Z,domain5,kernel,"[169757.231867] CPU0: Package temperature above threshold, cpu clock throttled (total events = 471704)",FRA
437860700287800942,2014-02-26T13:56:10Z,domain1,kernel,"[169757.231870] CPU4: Package temperature above threshold, cpu clock throttled (total events = 471704)",CUW
437860700287800943,2014-02-26T13:56:10Z,domain4,kernel,"[169757.231873] CPU5: Package temperature above threshold, cpu clock throttled (total events = 471704)",USA
437860700287800944,2014-02-26T13:56:10Z,domain5,kernel,[169757.232841] CPU0: Core temperature/speed normal,NZL
437860700287800945,2014-02-26T13:56:10Z,domain2,kernel,[169757.232843] CPU6: Package temperature/speed normal,THA
437860700287800946,2014-02-26T13:56:10Z,domain5,kernel,[169757.232846] CPU3: Package temperature/speed normal,USA
437860700287800947,2014-02-26T13:56:10Z,domain3,kernel,[169757.232848] CPU1: Core temperature/speed normal,FRA
437860700287800948,2014-02-26T13:56:10Z,domain3,kernel,[169757.232850] CPU7: Package temperature/speed normal,NZL
437860700287800949,2014-02-26T13:56:10Z,domain2,kernel,[169757.232852] CPU2: Package temperature/speed normal,NZL
437860700287800950,2014-02-26T13:56:10Z,domain5,kernel,[169757.232854] CPU1: Package temperature/speed normal,CUW
437860700287800951,2014-02-26T13:56:10Z,domain3,kernel,[169757.232856] CPU0: Package temperature/speed normal,NZL
437860700287800952,2014-02-26T13:56:10Z,domain2,kernel,[169757.232858] CPU4: Package temperature/speed normal,ISR
437860700287800953,2014-02-26T13:56:10Z,domain5,kernel,[169757.232859] CPU5: Package temperature/speed normal,THA
437860700287800954,2014-02-26T14:01:13Z,domain2,kernel,"[170059.951904] CPU4: Package temperature above threshold, cpu clock throttled (total events = 471911)",FRA
437860700287800955,2014-02-26T14:01:13Z,domain2,kernel,"[170059.951908] CPU1: Core temperature above threshold, cpu clock throttled (total events = 302828)",THA
437860700287800956,2014-02-26T14:01:13Z,domain3,kernel,"[170059.951911] CPU0: Core temperature above threshold, cpu clock throttled (total events = 302828)",CUW
437860700287800957,2014-02-26T14:01:13Z,domain3,kernel,"[170059.951915] CPU5: Package temperature above threshold, cpu clock throttled (total events = 471911)",THA
437860700287800958,2014-02-26T14:01:13Z,domain4,kernel,"[170059.951918] CPU7: Package temperature above threshold, cpu clock throttled (total events = 471911)",ITA
437860700287800959,2014-02-26T14:01:13Z,domain5,kernel,"[170059.951922] CPU6: Package temperature above threshold, cpu clock throttled (total events = 471911)",THA
437860700287800960,2014-02-26T14:01:13Z,domain3,kernel,"[170059.951924] CPU1: Package temperature above threshold, cpu clock throttled (total events = 471911)",FRA
437860700287800961,2014-02-26T14:01:13Z,domain2,kernel,"[170059.951928] CPU2: Package temperature above threshold, cpu clock throttled (total events = 471911)",JPN
437860700287800962,2014-02-26T14:01:13Z,domain2,kernel,"[170059.951931] CPU3: Package temperature above threshold, cpu clock throttled (total events = 471911)",ITA
437860700287800963,2014-02-26T14:01:13Z,domain4,kernel,"[170059.951934] CPU0: Package temperature above threshold, cpu clock throttled (total events = 471911)",ITA
437860700287800964,2014-02-26T14:01:13Z,domain3,kernel,[170059.952893] CPU1: Core temperature/speed normal,ISR
437860700287800965,2014-02-26T14:01:13Z,domain4,kernel,[170059.952896] CPU4: Package temperature/speed normal,ITA
437860700287800966,2014-02-26T14:01:13Z,domain4,kernel,[170059.952897] CPU0: Core temperature/speed normal,THA
437860700287800967,2014-02-26T14:01:13Z,domain4,kernel,[170059.952899] CPU5: Package temperature/speed normal,CUW
437860700287800968,2014-02-26T14:01:13Z,domain1,kernel,[170059.952901] CPU0: Package temperature/speed normal,USA
437860700287800969,2014-02-26T14:01:13Z,domain4,kernel,[170059.952903] CPU1: Package temperature/speed normal,ITA
437860700287800970,2014-02-26T14:01:13Z,domain1,kernel,[170059.952921] CPU6: Package temperature/speed normal,USA
437860700287800971,2014-02-26T14:01:13Z,domain5,kernel,[170059.952923] CPU7: Package temperature/speed normal,ITA
437860700287800972,2014-02-26T14:01:13Z,domain4,kernel,[170059.952929] CPU2: Package temperature/speed normal,FRA
437860700287800973,2014-02-26T14:01:13Z,domain1,kernel,[170059.952931] CPU3: Package temperature/speed normal,NZL
437860700287800974,2014-02-26T14:06:34Z,domain5,kernel,"[170380.529548] CPU0: Core temperature above threshold, cpu clock throttled (total events = 303040)",JPN
437860700287800975,2014-02-26T14:06:34Z,domain4,kernel,"[170380.529552] CPU1: Core temperature above threshold, cpu clock throttled (total events = 303040)",THA
437860700287800976,2014-02-26T14:06:34Z,domain5,kernel,"[170380.529556] CPU4: Package temperature above threshold, cpu clock throttled (total events = 472131)",ITA
437860700287800977,2014-02-26T14:06:34Z,domain3,kernel,"[170380.529559] CPU5: Package temperature above threshold, cpu clock throttled (total events = 472131)",ISR
437860700287800978,2014-02-26T14:06:34Z,domain5,kernel,"[170380.529563] CPU2: Package temperature above threshold, cpu clock throttled (total events = 472131)",FRA
437860700287800979,2014-02-26T14:06:34Z,domain4,kernel,"[170380.529566] CPU3: Package temperature above threshold, cpu clock throttled (total events = 472131)",FRA
437860700287800980,2014-02-26T14:06:34Z,domain2,kernel,"[170380.529569] CPU1: Package temperature above threshold, cpu clock throttled (total events = 472131)",ISR
437860700287800981,2014-02-26T14:06:34Z,domain5,kernel,"[170380.529572] CPU6: Package temperature above threshold, cpu clock throttled (total events = 472131)",THA
437860700287800982,2014-02-26T14:06:34Z,domain5,kernel,"[170380.529575] CPU7: Package temperature above threshold, cpu clock throttled (total events = 472131)",JPN
437860700287800983,2014-02-26T14:06:34Z,domain1,kernel,"[170380.529577] CPU0: Package temperature above threshold, cpu clock throttled (total events = 472131)",NZL
437860700287800984,2014-02-26T14:06:34Z,domain2,kernel,[170380.531562] CPU0: Core temperature/speed normal,ITA
437860700287800985,2014-02-26T14:06:34Z,domain3,kernel,[170380.531564] CPU1: Core temperature/speed normal,JPN
437860700287800986,2014-02-26T14:06:34Z,domain5,kernel,[170380.531566] CPU1: Package temperature/speed normal,JPN
437860700287800987,2014-02-26T14:06:34Z,domain2,kernel,[170380.531567] CPU0: Package temperature/speed normal,FRA
437860700287800988,2014-02-26T14:06:34Z,domain4,kernel,[170380.531612] CPU3: Package temperature/speed normal,CUW
437860700287800989,2014-02-26T14:06:34Z,domain2,kernel,[170380.531615] CPU2: Package temperature/speed normal,NZL
437860700287800990,2014-02-26T14:06:34Z,domain2,kernel,[170380.531617] CPU4: Package temperature/speed normal,FRA
437860700287800991,2014-02-26T14:06:34Z,domain2,kernel,[170380.531620] CPU5: Package temperature/speed normal,ISR
437860700287800992,2014-02-26T14:06:34Z,domain2,kernel,[170380.531623] CPU6: Package temperature/speed normal,JPN
437860700287800993,2014-02-26T14:06:34Z,domain2,kernel,[170380.531625] CPU7: Package temperature/speed normal,ITA
437860700287800994,2014-02-26T14:14:00Z,domain4,kernel,"[170827.059617] CPU0: Core temperature above threshold, cpu clock throttled (total events = 303133)",JPN
437860700287800995,2014-02-26T14:14:00Z,domain3,kernel,"[170827.059620] CPU1: Core temperature above threshold, cpu clock throttled (total events = 303133)",FRA
437860700287800996,2014-02-26T14:14:00Z,domain4,kernel,"[170827.059623] CPU1: Package temperature above threshold, cpu clock throttled (total events = 472224)",USA
437860700287800997,2014-02-26T14:14:00Z,domain2,kernel,"[170827.059624] CPU0: Package temperature above threshold, cpu clock throttled (total events = 472224)",CUW
437860700287800998,2014-02-26T14:14:00Z,domain4,kernel,"[170827.059646] CPU2: Package temperature above threshold, cpu clock throttled (total events = 472224)",ITA
437860700287800999,2014-02-26T14:14:00Z,domain4,kernel,"[170827.059649] CPU3: Package temperature above threshold, cpu clock throttled (total events = 472224)",FRA
437860700287801000,2014-02-26T14:14:00Z,domain3,kernel,"[170827.059653] CPU5: Package temperature above threshold, cpu clock throttled (total events = 472224)",ISR
437860700287801001,2014-02-26T14:14:00Z,domain4,kernel,"[170827.059656] CPU4: Package temperature above threshold, cpu clock throttled (total events = 472224)",CUW
437860700287801002,2014-02-26T14:14:00Z,domain4,kernel,"[170827.059660] CPU6: Package temperature above threshold, cpu clock throttled (total events = 472224)",NZL
437860700287801003,2014-02-26T14:14:00Z,domain3,kernel,"[170827.059663] CPU7: Package temperature above threshold, cpu clock throttled (total events = 472224)",CUW
437860700287801004,2014-02-26T14:14:00Z,domain4,kernel,[170827.061645] CPU1: Core temperature/speed normal,THA
437860700287801005,2014-02-26T14:14:00Z,domain2,kernel,[170827.061647] CPU0: Core temperature/speed normal,ITA
437860700287801006,2014-02-26T14:14:00Z,domain3,kernel,[170827.061648] CPU0: Package temperature/speed normal,CUW
437860700287801007,2014-02-26T14:14:00Z,domain4,kernel,[170827.061649] CPU1: Package temperature/speed normal,CUW
437860700287801008,2014-02-26T14:14:00Z,domain2,kernel,[170827.061687] CPU3: Package temperature/speed normal,ISR
437860700287801009,2014-02-26T14:14:00Z,domain1,kernel,[170827.061690] CPU2: Package temperature/speed normal,USA
437860700287801010,2014-02-26T14:14:00Z,domain3,kernel,[170827.061693] CPU5: Package temperature/speed normal,NZL
437860700287801011,2014-02-26T14:14:00Z,domain4,kernel,[170827.061695] CPU4: Package temperature/speed normal,USA
437860700287801012,2014-02-26T14:14:00Z,domain1,kernel,[170827.061698] CPU7: Package temperature/speed normal,NZL
437860700287801013,2014-02-26T14:14:00Z,domain5,kernel,[170827.061700] CPU6: Package temperature/speed normal,ITA
437860700287801014,2014-02-26T14:17:01Z,domain3,CRON[21616],(root) CMD (   cd / && run-parts --report /etc/cron.hourly),CUW
437860700287801015,2014-02-26T14:22:01Z,domain3,kernel,"[171307.723008] CPU2: Package temperature above threshold, cpu clock throttled (total events = 472294)",NZL
437860700287801016,2014-02-26T14:22:01Z,domain5,kernel,"[171307.723012] CPU0: Core temperature above threshold, cpu clock throttled (total events = 303203)",THA
437860700287801017,2014-02-26T14:22:01Z,domain4,kernel,"[171307.723016] CPU7: Package temperature above threshold, cpu clock throttled (total events = 472294)",ISR
437860700287801018,2014-02-26T14:22:01Z,domain5,kernel,"[171307.723019] CPU6: Package temperature above threshold, cpu clock throttled (total events = 472294)",JPN
437860700287801019,2014-02-26T14:22:01Z,domain4,kernel,"[171307.723023] CPU4: Package temperature above threshold, cpu clock throttled (total events = 472294)",USA
437860700287801020,2014-02-26T14:22:01Z,domain5,kernel,"[171307.723026] CPU5: Package temperature above threshold, cpu clock throttled (total events = 472294)",ITA
437860700287801021,2014-02-26T14:22:01Z,domain2,kernel,"[171307.723029] CPU3: Package temperature above threshold, cpu clock throttled (total events = 472294)",NZL
437860700287801022,2014-02-26T14:22:01Z,domain2,kernel,"[171307.723032] CPU1: Core temperature above threshold, cpu clock throttled (total events = 303203)",ISR
437860700287801023,2014-02-26T14:22:01Z,domain3,kernel,"[171307.723034] CPU0: Package temperature above threshold, cpu clock throttled (total events = 472294)",ITA
437860700287801024,2014-02-26T14:22:01Z,domain3,kernel,"[171307.723036] CPU1: Package temperature above threshold, cpu clock throttled (total events = 472294)",ITA
437860700287801025,2014-02-26T14:22:01Z,domain5,kernel,[171307.726037] CPU0: Core temperature/speed normal,ISR
437860700287801026,2014-02-26T14:22:01Z,domain1,kernel,[171307.726040] CPU7: Package temperature/speed normal,ISR
437860700287801027,2014-02-26T14:22:01Z,domain5,kernel,[171307.726042] CPU2: Package temperature/speed normal,JPN
437860700287801028,2014-02-26T14:22:01Z,domain5,kernel,[171307.726043] CPU6: Package temperature/speed normal,THA
437860700287801029,2014-02-26T14:22:01Z,domain1,kernel,[171307.726045] CPU3: Package temperature/speed normal,ITA
437860700287801030,2014-02-26T14:22:01Z,domain5,kernel,[171307.726047] CPU1: Core temperature/speed normal,JPN
437860700287801031,2014-02-26T14:22:01Z,domain1,kernel,[171307.726049] CPU1: Package temperature/speed normal,USA
437860700287801032,2014-02-26T14:22:01Z,domain5,kernel,[171307.726051] CPU0: Package temperature/speed normal,FRA
437860700287801033,2014-02-26T14:22:01Z,domain5,kernel,[171307.726055] CPU5: Package temperature/speed normal,ISR
437860700287801034,2014-02-26T14:22:01Z,domain2,kernel,[171307.726057] CPU4: Package temperature/speed normal,USA
437860700287801035,2014-02-26T14:27:45Z,domain4,kernel,"[171651.280303] CPU0: Core temperature above threshold, cpu clock throttled (total events = 303452)",NZL
437860700287801036,2014-02-26T14:27:45Z,domain1,kernel,"[171651.280305] CPU1: Core temperature above threshold, cpu clock throttled (total events = 303452)",THA
437860700287801037,2014-02-26T14:27:45Z,domain4,kernel,"[171651.280308] CPU1: Package temperature above threshold, cpu clock throttled (total events = 472544)",CUW
437860700287801038,2014-02-26T14:27:45Z,domain2,kernel,"[171651.280310] CPU0: Package temperature above threshold, cpu clock throttled (total events = 472544)",CUW
437860700287801039,2014-02-26T14:27:45Z,domain1,kernel,"[171651.280331] CPU2: Package temperature above threshold, cpu clock throttled (total events = 472544)",THA
437860700287801040,2014-02-26T14:27:45Z,domain4,kernel,"[171651.280334] CPU3: Package temperature above threshold, cpu clock throttled (total events = 472544)",NZL
437860700287801041,2014-02-26T14:27:45Z,domain5,kernel,"[171651.280338] CPU5: Package temperature above threshold, cpu clock throttled (total events = 472544)",ISR
437860700287801042,2014-02-26T14:27:45Z,domain3,kernel,"[171651.280341] CPU4: Package temperature above threshold, cpu clock throttled (total events = 472544)",THA
437860700287801043,2014-02-26T14:27:45Z,domain4,kernel,"[171651.280345] CPU6: Package temperature above threshold, cpu clock throttled (total events = 472544)",FRA
437860700287801044,2014-02-26T14:27:45Z,domain4,kernel,"[171651.280348] CPU7: Package temperature above threshold, cpu clock throttled (total events = 472544)",ISR
437860700287801045,2014-02-26T14:27:45Z,domain2,kernel,[171651.310403] CPU0: Core temperature/speed normal,THA
437860700287801046,2014-02-26T14:27:45Z,domain4,kernel,[171651.310405] CPU1: Core temperature/speed normal,NZL
437860700287801047,2014-02-26T14:27:45Z,domain4,kernel,[171651.310408] CPU1: Package temperature/speed normal,ISR
437860700287801048,2014-02-26T14:27:45Z,domain1,kernel,[171651.310409] CPU0: Package temperature/speed normal,CUW
437860700287801049,2014-02-26T14:27:45Z,domain1,kernel,[171651.310451] CPU3: Package temperature/speed normal,USA
437860700287801050,2014-02-26T14:27:45Z,domain4,kernel,[171651.310454] CPU2: Package temperature/speed normal,ISR
437860700287801051,2014-02-26T14:27:45Z,domain3,kernel,[171651.310457] CPU5: Package temperature/speed normal,JPN
437860700287801052,2014-02-26T14:27:45Z,domain1,kernel,[171651.310459] CPU4: Package temperature/speed normal,THA
437860700287801053,2014-02-26T14:27:45Z,domain3,kernel,[171651.310462] CPU6: Package temperature/speed normal,FRA
437860700287801054,2014-02-26T14:27:45Z,domain4,kernel,[171651.310464] CPU7: Package temperature/speed normal,THA
437860700287801055,2014-02-26T14:32:50Z,domain3,kernel,"[171956.668653] CPU0: Core temperature above threshold, cpu clock throttled (total events = 303749)",ITA
437860700287801056,2014-02-26T14:32:50Z,domain2,kernel,"[171956.668658] CPU4: Package temperature above threshold, cpu clock throttled (total events = 472851)",ISR
437860700287801057,2014-02-26T14:32:50Z,domain1,kernel,"[171956.668661] CPU5: Package temperature above threshold, cpu clock throttled (total events = 472851)",USA
437860700287801058,2014-02-26T14:32:50Z,domain3,kernel,"[171956.668664] CPU1: Core temperature above threshold, cpu clock throttled (total events = 303749)",USA
437860700287801059,2014-02-26T14:32:50Z,domain1,kernel,"[171956.668667] CPU1: Package temperature above threshold, cpu clock throttled (total events = 472851)",NZL
437860700287801060,2014-02-26T14:32:50Z,domain5,kernel,"[171956.668668] CPU0: Package temperature above threshold, cpu clock throttled (total events = 472851)",ISR
437860700287801061,2014-02-26T14:32:50Z,domain4,kernel,"[171956.668672] CPU3: Package temperature above threshold, cpu clock throttled (total events = 472851)",USA
437860700287801062,2014-02-26T14:32:50Z,domain3,kernel,"[171956.668675] CPU2: Package temperature above threshold, cpu clock throttled (total events = 472851)",NZL
437860700287801063,2014-02-26T14:32:50Z,domain5,kernel,"[171956.668679] CPU7: Package temperature above threshold, cpu clock throttled (total events = 472851)",JPN
437860700287801064,2014-02-26T14:32:50Z,domain4,kernel,"[171956.668682] CPU6: Package temperature above threshold, cpu clock throttled (total events = 472851)",USA
437860700287801065,2014-02-26T14:32:50Z,domain2,kernel,[171956.670649] CPU0: Core temperature/speed normal,THA
437860700287801066,2014-02-26T14:32:50Z,domain2,kernel,[171956.670650] CPU1: Core temperature/speed normal,THA
437860700287801067,2014-02-26T14:32:50Z,domain1,kernel,[171956.670652] CPU1: Package temperature/speed normal,JPN
437860700287801068,2014-02-26T14:32:50Z,domain1,kernel,[171956.670653] CPU0: Package temperature/speed normal,USA
437860700287801069,2014-02-26T14:32:50Z,domain2,kernel,[171956.670699] CPU3: Package temperature/speed normal,FRA
437860700287801070,2014-02-26T14:32:50Z,domain1,kernel,[171956.670702] CPU2: Package temperature/speed normal,USA
437860700287801071,2014-02-26T14:32:50Z,domain3,kernel,[171956.670705] CPU5: Package temperature/speed normal,JPN
437860700287801072,2014-02-26T14:32:50Z,domain5,kernel,[171956.670707] CPU4: Package temperature/speed normal,JPN
437860700287801073,2014-02-26T14:32:50Z,domain5,kernel,[171956.670710] CPU6: Package temperature/speed normal,THA
437860700287801074,2014-02-26T14:32:50Z,domain5,kernel,[171956.670712] CPU7: Package temperature/speed normal,ISR
437860700287801075,2014-02-26T14:39:19Z,domain4,kernel,"[172345.364529] CPU0: Core temperature above threshold, cpu clock throttled (total events = 303970)",USA
437860700287801076,2014-02-26T14:39:19Z,domain2,kernel,"[172345.364532] CPU1: Core temperature above threshold, cpu clock throttled (total events = 303970)",ITA
437860700287801077,2014-02-26T14:39:19Z,domain5,kernel,"[172345.364535] CPU1: Package temperature above threshold, cpu clock throttled (total events = 473092)",CUW
437860700287801078,2014-02-26T14:39:19Z,domain1,kernel,"[172345.364536] CPU0: Package temperature above threshold, cpu clock throttled (total events = 473092)",ISR
437860700287801079,2014-02-26T14:39:19Z,domain5,kernel,"[172345.364566] CPU2: Package temperature above threshold, cpu clock throttled (total events = 473092)",ISR
437860700287801080,2014-02-26T14:39:19Z,domain3,kernel,"[172345.364570] CPU3: Package temperature above threshold, cpu clock throttled (total events = 473092)",ITA
437860700287801081,2014-02-26T14:39:19Z,domain2,kernel,"[172345.364573] CPU4: Package temperature above threshold, cpu clock throttled (total events = 473092)",ISR
437860700287801082,2014-02-26T14:39:19Z,domain2,kernel,"[172345.364577] CPU5: Package temperature above threshold, cpu clock throttled (total events = 473092)",THA
437860700287801083,2014-02-26T14:39:19Z,domain4,kernel,"[172345.364580] CPU6: Package temperature above threshold, cpu clock throttled (total events = 473092)",FRA
437860700287801084,2014-02-26T14:39:19Z,domain5,kernel,"[172345.364583] CPU7: Package temperature above threshold, cpu clock throttled (total events = 473092)",CUW
437860700287801085,2014-02-26T14:39:19Z,domain3,kernel,[172345.367529] CPU0: Core temperature/speed normal,NZL
437860700287801086,2014-02-26T14:39:19Z,domain2,kernel,[172345.367530] CPU1: Core temperature/speed normal,JPN
437860700287801087,2014-02-26T14:39:19Z,domain4,kernel,[172345.367532] CPU1: Package temperature/speed normal,ISR
437860700287801088,2014-02-26T14:39:19Z,domain4,kernel,[172345.367533] CPU0: Package temperature/speed normal,USA
437860700287801089,2014-02-26T14:39:19Z,domain4,kernel,[172345.367569] CPU3: Package temperature/speed normal,THA
437860700287801090,2014-02-26T14:39:19Z,domain1,kernel,[172345.367571] CPU2: Package temperature/speed normal,THA
437860700287801091,2014-02-26T14:39:19Z,domain2,kernel,[172345.367574] CPU4: Package temperature/speed normal,JPN
437860700287801092,2014-02-26T14:39:19Z,domain2,kernel,[172345.367576] CPU5: Package temperature/speed normal,NZL
437860700287801093,2014-02-26T14:39:19Z,domain4,kernel,[172345.367579] CPU7: Package temperature/speed normal,ITA
437860700287801094,2014-02-26T14:39:19Z,domain2,kernel,[172345.367581] CPU6: Package temperature/speed normal,FRA
437860700287801095,2014-02-26T14:47:27Z,domain2,kernel,"[172833.847324] CPU1: Core temperature above threshold, cpu clock throttled (total events = 304006)",FRA
437860700287801096,2014-02-26T14:47:27Z,domain5,kernel,"[172833.847329] CPU7: Package temperature above threshold, cpu clock throttled (total events = 473128)",FRA
437860700287801097,2014-02-26T14:47:27Z,domain5,kernel,"[172833.847332] CPU0: Core temperature above threshold, cpu clock throttled (total events = 304006)",USA
437860700287801098,2014-02-26T14:47:27Z,domain4,kernel,"[172833.847334] CPU6: Package temperature above threshold, cpu clock throttled (total events = 473128)",JPN
437860700287801099,2014-02-26T14:47:27Z,domain4,kernel,"[172833.847336] CPU0: Package temperature above threshold, cpu clock throttled (total events = 473128)",THA
437860700287801100,2014-02-26T14:47:27Z,domain3,kernel,"[172833.847339] CPU1: Package temperature above threshold, cpu clock throttled (total events = 473128)",ISR
437860700287801101,2014-02-26T14:47:27Z,domain5,kernel,"[172833.847344] CPU2: Package temperature above threshold, cpu clock throttled (total events = 473128)",CUW
437860700287801102,2014-02-26T14:47:27Z,domain5,kernel,"[172833.847346] CPU3: Package temperature above threshold, cpu clock throttled (total events = 473128)",CUW
437860700287801103,2014-02-26T14:47:27Z,domain5,kernel,"[172833.847350] CPU4: Package temperature above threshold, cpu clock throttled (total events = 473128)",USA
437860700287801104,2014-02-26T14:47:27Z,domain3,kernel,"[172833.847353] CPU5: Package temperature above threshold, cpu clock throttled (total events = 473128)",CUW
437860700287801105,2014-02-26T14:47:27Z,domain5,kernel,[172833.848275] CPU1: Core temperature/speed normal,FRA
437860700287801106,2014-02-26T14:47:27Z,domain3,kernel,[172833.848276] CPU0: Core temperature/speed normal,USA
437860700287801107,2014-02-26T14:47:27Z,domain3,kernel,[172833.848278] CPU0: Package temperature/speed normal,JPN
437860700287801108,2014-02-26T14:47:27Z,domain1,kernel,[172833.848279] CPU1: Package temperature/speed normal,FRA
437860700287801109,2014-02-26T14:47:27Z,domain3,kernel,[172833.848326] CPU3: Package temperature/speed normal,ISR
437860700287801110,2014-02-26T14:47:27Z,domain5,kernel,[172833.848329] CPU2: Package temperature/speed normal,USA
437860700287801111,2014-02-26T14:47:27Z,domain3,kernel,[172833.848331] CPU5: Package temperature/speed normal,CUW
437860700287801112,2014-02-26T14:47:27Z,domain3,kernel,[172833.848334] CPU4: Package temperature/speed normal,FRA
437860700287801113,2014-02-26T14:47:27Z,domain5,kernel,[172833.848336] CPU7: Package temperature/speed normal,USA
437860700287801114,2014-02-26T14:47:27Z,domain3,kernel,[172833.848339] CPU6: Package temperature/speed normal,ISR
437860700287801115,2014-02-26T14:53:14Z,domain3,kernel,"[173181.019809] CPU2: Package temperature above threshold, cpu clock throttled (total events = 473227)",CUW
437860700287801116,2014-02-26T14:53:14Z,domain4,kernel,"[173181.019813] CPU4: Package temperature above threshold, cpu clock throttled (total events = 473227)",THA
437860700287801117,2014-02-26T14:53:14Z,domain3,kernel,"[173181.019824] CPU3: Package temperature above threshold, cpu clock throttled (total events = 473227)",THA
437860700287801118,2014-02-26T14:53:14Z,domain2,kernel,"[173181.019826] CPU5: Package temperature above threshold, cpu clock throttled (total events = 473227)",FRA
437860700287801119,2014-02-26T14:53:14Z,domain1,kernel,"[173181.019833] CPU0: Package temperature above threshold, cpu clock throttled (total events = 473227)",JPN
437860700287801120,2014-02-26T14:53:14Z,domain5,kernel,"[173181.019836] CPU1: Package temperature above threshold, cpu clock throttled (total events = 473227)",ISR
437860700287801121,2014-02-26T14:53:14Z,domain3,kernel,"[173181.019840] CPU6: Package temperature above threshold, cpu clock throttled (total events = 473227)",JPN
437860700287801122,2014-02-26T14:53:14Z,domain1,kernel,"[173181.019843] CPU7: Package temperature above threshold, cpu clock throttled (total events = 473227)",CUW
437860700287801123,2014-02-26T14:53:14Z,domain4,kernel,[173181.023864] CPU2: Package temperature/speed normal,USA
437860700287801124,2014-02-26T14:53:14Z,domain4,kernel,[173181.023867] CPU6: Package temperature/speed normal,ITA
437860700287801125,2014-02-26T14:53:14Z,domain1,kernel,[173181.023869] CPU3: Package temperature/speed normal,FRA
437860700287801126,2014-02-26T14:53:14Z,domain2,kernel,[173181.023872] CPU1: Package temperature/speed normal,FRA
437860700287801127,2014-02-26T14:53:14Z,domain4,kernel,[173181.023875] CPU0: Package temperature/speed normal,JPN
437860700287801128,2014-02-26T14:53:14Z,domain2,kernel,[173181.023878] CPU5: Package temperature/speed normal,ITA
437860700287801129,2014-02-26T14:53:14Z,domain3,kernel,[173181.023880] CPU4: Package temperature/speed normal,CUW
437860700287801130,2014-02-26T14:53:14Z,domain4,kernel,[173181.023882] CPU7: Package temperature/speed normal,CUW
437860700287801131,2014-02-26T14:58:14Z,domain5,kernel,"[173480.984291] CPU5: Package temperature above threshold, cpu clock throttled (total events = 478221)",CUW
437860700287801132,2014-02-26T14:58:14Z,domain2,kernel,"[173480.984294] CPU4: Package temperature above threshold, cpu clock throttled (total events = 478221)",CUW
437860700287801133,2014-02-26T14:58:14Z,domain3,kernel,"[173480.984328] CPU1: Package temperature above threshold, cpu clock throttled (total events = 478221)",FRA
437860700287801134,2014-02-26T14:58:14Z,domain5,kernel,"[173480.984331] CPU0: Package temperature above threshold, cpu clock throttled (total events = 478221)",FRA
437860700287801135,2014-02-26T14:58:14Z,domain4,kernel,"[173480.984335] CPU3: Package temperature above threshold, cpu clock throttled (total events = 478221)",JPN
437860700287801136,2014-02-26T14:58:14Z,domain4,kernel,"[173480.984338] CPU2: Package temperature above threshold, cpu clock throttled (total events = 478221)",ISR
437860700287801137,2014-02-26T14:58:14Z,domain1,kernel,"[173480.984342] CPU7: Package temperature above threshold, cpu clock throttled (total events = 478221)",THA
437860700287801138,2014-02-26T14:58:14Z,domain4,kernel,"[173480.984345] CPU6: Package temperature above threshold, cpu clock throttled (total events = 478221)",NZL
437860700287801139,2014-02-26T14:58:14Z,domain5,kernel,[173480.987305] CPU5: Package temperature/speed normal,THA
437860700287801140,2014-02-26T14:58:14Z,domain5,kernel,[173480.987308] CPU6: Package temperature/speed normal,THA
437860700287801141,2014-02-26T14:58:14Z,domain5,kernel,[173480.987310] CPU4: Package temperature/speed normal,CUW
437860700287801142,2014-02-26T14:58:14Z,domain4,kernel,[173480.987312] CPU7: Package temperature/speed normal,NZL
437860700287801143,2014-02-26T14:58:14Z,domain1,kernel,[173480.987336] CPU1: Package temperature/speed normal,JPN
437860700287801144,2014-02-26T14:58:14Z,domain4,kernel,[173480.987339] CPU2: Package temperature/speed normal,ITA
437860700287801145,2014-02-26T14:58:14Z,domain2,kernel,[173480.987342] CPU3: Package temperature/speed normal,FRA
437860700287801146,2014-02-26T14:58:14Z,domain4,kernel,[173480.987344] CPU0: Package temperature/speed normal,THA
437860700287801147,2014-02-26T14:59:00Z,domain1,kernel,"[173526.116922] CPU5: Core temperature above threshold, cpu clock throttled (total events = 49466)",THA
437860700287801148,2014-02-26T14:59:00Z,domain4,kernel,"[173526.116925] CPU4: Core temperature above threshold, cpu clock throttled (total events = 49466)",ISR
437860700287801149,2014-02-26T14:59:00Z,domain2,kernel,[173526.117918] CPU4: Core temperature/speed normal,JPN
437860700287801150,2014-02-26T14:59:00Z,domain5,kernel,[173526.117919] CPU5: Core temperature/speed normal,FRA
437860700287801151,2014-02-26T15:03:38Z,domain3,kernel,"[173804.684711] CPU0: Core temperature above threshold, cpu clock throttled (total events = 312116)",NZL
437860700287801152,2014-02-26T15:03:38Z,domain5,kernel,"[173804.684714] CPU1: Core temperature above threshold, cpu clock throttled (total events = 312116)",FRA
437860700287801153,2014-02-26T15:03:38Z,domain3,kernel,"[173804.684725] CPU2: Package temperature above threshold, cpu clock throttled (total events = 484655)",FRA
437860700287801154,2014-02-26T15:03:38Z,domain1,kernel,"[173804.684728] CPU3: Package temperature above threshold, cpu clock throttled (total events = 484655)",THA
437860700287801155,2014-02-26T15:03:38Z,domain2,kernel,"[173804.684730] CPU1: Package temperature above threshold, cpu clock throttled (total events = 484655)",ISR
437860700287801156,2014-02-26T15:03:38Z,domain1,kernel,"[173804.684733] CPU0: Package temperature above threshold, cpu clock throttled (total events = 484655)",THA
437860700287801157,2014-02-26T15:03:38Z,domain3,kernel,"[173804.684736] CPU5: Package temperature above threshold, cpu clock throttled (total events = 484655)",NZL
437860700287801158,2014-02-26T15:03:38Z,domain2,kernel,"[173804.684739] CPU4: Package temperature above threshold, cpu clock throttled (total events = 484655)",NZL
437860700287801159,2014-02-26T15:03:38Z,domain5,kernel,"[173804.684743] CPU6: Package temperature above threshold, cpu clock throttled (total events = 484655)",CUW
437860700287801160,2014-02-26T15:03:38Z,domain2,kernel,"[173804.684746] CPU7: Package temperature above threshold, cpu clock throttled (total events = 484655)",CUW
437860700287801161,2014-02-26T15:03:38Z,domain2,kernel,[173804.697734] CPU0: Core temperature/speed normal,JPN
437860700287801162,2014-02-26T15:03:38Z,domain5,kernel,[173804.697740] CPU4: Package temperature/speed normal,ISR
437860700287801163,2014-02-26T15:03:38Z,domain1,kernel,[173804.697745] CPU1: Core temperature/speed normal,ISR
437860700287801164,2014-02-26T15:03:38Z,domain4,kernel,[173804.697749] CPU5: Package temperature/speed normal,NZL
437860700287801165,2014-02-26T15:03:38Z,domain5,kernel,[173804.697752] CPU1: Package temperature/speed normal,ISR
437860700287801166,2014-02-26T15:03:38Z,domain3,kernel,[173804.697756] CPU0: Package temperature/speed normal,JPN
437860700287801167,2014-02-26T15:03:38Z,domain2,kernel,[173804.697767] CPU3: Package temperature/speed normal,THA
437860700287801168,2014-02-26T15:03:38Z,domain2,kernel,[173804.697772] CPU2: Package temperature/speed normal,ITA
437860700287801169,2014-02-26T15:03:38Z,domain5,kernel,[173804.697777] CPU7: Package temperature/speed normal,NZL
437860700287801170,2014-02-26T15:03:38Z,domain1,kernel,[173804.697782] CPU6: Package temperature/speed normal,ISR
437860700287801171,2014-02-26T15:08:52Z,domain1,kernel,"[174118.003793] CPU0: Core temperature above threshold, cpu clock throttled (total events = 312305)",JPN
437860700287801172,2014-02-26T15:08:52Z,domain5,kernel,"[174118.003796] CPU1: Core temperature above threshold, cpu clock throttled (total events = 312305)",CUW
437860700287801173,2014-02-26T15:08:52Z,domain4,kernel,"[174118.003799] CPU1: Package temperature above threshold, cpu clock throttled (total events = 484890)",CUW
437860700287801174,2014-02-26T15:08:52Z,domain3,kernel,"[174118.003800] CPU0: Package temperature above threshold, cpu clock throttled (total events = 484890)",CUW
437860700287801175,2014-02-26T15:08:52Z,domain4,kernel,"[174118.003823] CPU2: Package temperature above threshold, cpu clock throttled (total events = 484890)",FRA
437860700287801176,2014-02-26T15:08:52Z,domain2,kernel,"[174118.003827] CPU3: Package temperature above threshold, cpu clock throttled (total events = 484890)",FRA
437860700287801177,2014-02-26T15:08:52Z,domain2,kernel,"[174118.003830] CPU4: Package temperature above threshold, cpu clock throttled (total events = 484890)",JPN
437860700287801178,2014-02-26T15:08:52Z,domain2,kernel,"[174118.003834] CPU5: Package temperature above threshold, cpu clock throttled (total events = 484890)",FRA
437860700287801179,2014-02-26T15:08:52Z,domain5,kernel,"[174118.003837] CPU6: Package temperature above threshold, cpu clock throttled (total events = 484890)",CUW
437860700287801180,2014-02-26T15:08:52Z,domain4,kernel,"[174118.003840] CPU7: Package temperature above threshold, cpu clock throttled (total events = 484890)",USA
437860700287801181,2014-02-26T15:08:52Z,domain3,kernel,[174118.004785] CPU0: Core temperature/speed normal,JPN
437860700287801182,2014-02-26T15:08:52Z,domain2,kernel,[174118.004786] CPU1: Core temperature/speed normal,ITA
437860700287801183,2014-02-26T15:08:52Z,domain2,kernel,[174118.004788] CPU1: Package temperature/speed normal,JPN
437860700287801184,2014-02-26T15:08:52Z,domain4,kernel,[174118.004789] CPU0: Package temperature/speed normal,ISR
437860700287801185,2014-02-26T15:08:52Z,domain2,kernel,[174118.004816] CPU3: Package temperature/speed normal,ITA
437860700287801186,2014-02-26T15:08:52Z,domain1,kernel,[174118.004819] CPU2: Package temperature/speed normal,USA
437860700287801187,2014-02-26T15:08:52Z,domain2,kernel,[174118.004822] CPU4: Package temperature/speed normal,NZL
437860700287801188,2014-02-26T15:08:52Z,domain3,kernel,[174118.004824] CPU5: Package temperature/speed normal,ITA
437860700287801189,2014-02-26T15:08:52Z,domain4,kernel,[174118.004827] CPU7: Package temperature/speed normal,JPN
437860700287801190,2014-02-26T15:08:52Z,domain2,kernel,[174118.004829] CPU6: Package temperature/speed normal,NZL
437860700287801191,2014-02-26T15:13:56Z,domain1,kernel,"[174422.087088] CPU3: Package temperature above threshold, cpu clock throttled (total events = 485519)",USA
437860700287801192,2014-02-26T15:13:56Z,domain1,kernel,"[174422.087092] CPU6: Package temperature above threshold, cpu clock throttled (total events = 485519)",NZL
437860700287801193,2014-02-26T15:13:56Z,domain3,kernel,"[174422.087096] CPU5: Package temperature above threshold, cpu clock throttled (total events = 485519)",THA
437860700287801194,2014-02-26T15:13:56Z,domain1,kernel,"[174422.087099] CPU4: Package temperature above threshold, cpu clock throttled (total events = 485519)",CUW
437860700287801195,2014-02-26T15:13:56Z,domain3,kernel,"[174422.087103] CPU7: Package temperature above threshold, cpu clock throttled (total events = 485519)",NZL
437860700287801196,2014-02-26T15:13:56Z,domain5,kernel,"[174422.087106] CPU2: Package temperature above threshold, cpu clock throttled (total events = 485519)",FRA
437860700287801197,2014-02-26T15:13:56Z,domain1,kernel,"[174422.087109] CPU0: Package temperature above threshold, cpu clock throttled (total events = 485519)",THA
437860700287801198,2014-02-26T15:13:56Z,domain3,kernel,"[174422.087112] CPU1: Package temperature above threshold, cpu clock throttled (total events = 485519)",ISR
437860700287801199,2014-02-26T15:13:56Z,domain2,kernel,[174422.089099] CPU6: Package temperature/speed normal,CUW
437860700287801200,2014-02-26T15:13:56Z,domain3,kernel,[174422.089101] CPU3: Package temperature/speed normal,NZL
437860700287801201,2014-02-26T15:13:56Z,domain4,kernel,[174422.089103] CPU7: Package temperature/speed normal,USA
437860700287801202,2014-02-26T15:13:56Z,domain2,kernel,[174422.089105] CPU2: Package temperature/speed normal,FRA
437860700287801203,2014-02-26T15:13:56Z,domain1,kernel,[174422.089126] CPU0: Package temperature/speed normal,ITA
437860700287801204,2014-02-26T15:13:56Z,domain5,kernel,[174422.089127] CPU1: Package temperature/speed normal,JPN
437860700287801205,2014-02-26T15:13:56Z,domain3,kernel,[174422.089133] CPU4: Package temperature/speed normal,CUW
437860700287801206,2014-02-26T15:13:56Z,domain1,kernel,[174422.089136] CPU5: Package temperature/speed normal,NZL
437860700287801207,2014-02-26T15:17:01Z,domain1,CRON[25014],(root) CMD (   cd / && run-parts --report /etc/cron.hourly),CUW
437860700287801208,2014-02-26T15:19:00Z,domain2,kernel,"[174726.688998] CPU1: Package temperature above threshold, cpu clock throttled (total events = 485714)",NZL
437860700287801209,2014-02-26T15:19:00Z,domain4,kernel,"[174726.689001] CPU0: Package temperature above threshold, cpu clock throttled (total events = 485714)",ITA
437860700287801210,2014-02-26T15:19:00Z,domain1,kernel,"[174726.689027] CPU3: Package temperature above threshold, cpu clock throttled (total events = 485714)",CUW
437860700287801211,2014-02-26T15:19:00Z,domain3,kernel,"[174726.689030] CPU2: Package temperature above threshold, cpu clock throttled (total events = 485714)",ITA
437860700287801212,2014-02-26T15:19:00Z,domain5,kernel,"[174726.689034] CPU4: Package temperature above threshold, cpu clock throttled (total events = 485714)",FRA
437860700287801213,2014-02-26T15:19:00Z,domain1,kernel,"[174726.689037] CPU5: Package temperature above threshold, cpu clock throttled (total events = 485714)",THA
437860700287801214,2014-02-26T15:19:00Z,domain3,kernel,"[174726.689041] CPU6: Package temperature above threshold, cpu clock throttled (total events = 485714)",THA
437860700287801215,2014-02-26T15:19:00Z,domain5,kernel,"[174726.689044] CPU7: Package temperature above threshold, cpu clock throttled (total events = 485714)",USA
437860700287801216,2014-02-26T15:19:00Z,domain2,kernel,[174726.690018] CPU1: Package temperature/speed normal,ISR
437860700287801217,2014-02-26T15:19:00Z,domain4,kernel,[174726.690019] CPU0: Package temperature/speed normal,CUW
437860700287801218,2014-02-26T15:19:00Z,domain1,kernel,[174726.690049] CPU2: Package temperature/speed normal,THA
437860700287801219,2014-02-26T15:19:00Z,domain4,kernel,[174726.690051] CPU3: Package temperature/speed normal,FRA
437860700287801220,2014-02-26T15:19:00Z,domain2,kernel,[174726.690054] CPU4: Package temperature/speed normal,CUW
437860700287801221,2014-02-26T15:19:00Z,domain4,kernel,[174726.690056] CPU5: Package temperature/speed normal,CUW
437860700287801222,2014-02-26T15:19:00Z,domain1,kernel,[174726.690059] CPU7: Package temperature/speed normal,THA
437860700287801223,2014-02-26T15:19:00Z,domain3,kernel,[174726.690062] CPU6: Package temperature/speed normal,THA
437860700287801224,2014-02-26T15:19:48Z,domain4,kernel,"[174773.899088] CPU0: Core temperature above threshold, cpu clock throttled (total events = 313032)",JPN
437860700287801225,2014-02-26T15:19:48Z,domain5,kernel,"[174773.899098] CPU1: Core temperature above threshold, cpu clock throttled (total events = 313032)",ISR
437860700287801226,2014-02-26T15:19:48Z,domain4,kernel,[174773.900054] CPU0: Core temperature/speed normal,ITA
437860700287801227,2014-02-26T15:19:48Z,domain2,kernel,[174773.900056] CPU1: Core temperature/speed normal,THA
437860700287801228,2014-02-26T15:24:22Z,domain4,kernel,"[175048.768350] CPU3: Package temperature above threshold, cpu clock throttled (total events = 486448)",JPN
437860700287801229,2014-02-26T15:24:22Z,domain5,kernel,"[175048.768354] CPU4: Package temperature above threshold, cpu clock throttled (total events = 486448)",THA
437860700287801230,2014-02-26T15:24:22Z,domain3,kernel,"[175048.768358] CPU0: Package temperature above threshold, cpu clock throttled (total events = 486448)",CUW
437860700287801231,2014-02-26T15:24:22Z,domain1,kernel,"[175048.768361] CPU2: Package temperature above threshold, cpu clock throttled (total events = 486448)",ITA
437860700287801232,2014-02-26T15:24:22Z,domain1,kernel,"[175048.768365] CPU5: Package temperature above threshold, cpu clock throttled (total events = 486448)",NZL
437860700287801233,2014-02-26T15:24:22Z,domain2,kernel,"[175048.768367] CPU1: Package temperature above threshold, cpu clock throttled (total events = 486448)",ITA
437860700287801234,2014-02-26T15:24:22Z,domain4,kernel,"[175048.768371] CPU6: Package temperature above threshold, cpu clock throttled (total events = 486448)",ISR
437860700287801235,2014-02-26T15:24:22Z,domain5,kernel,"[175048.768374] CPU7: Package temperature above threshold, cpu clock throttled (total events = 486448)",THA
437860700287801236,2014-02-26T15:24:22Z,domain4,kernel,[175048.770369] CPU0: Package temperature/speed normal,JPN
437860700287801237,2014-02-26T15:24:22Z,domain2,kernel,[175048.770372] CPU2: Package temperature/speed normal,FRA
437860700287801238,2014-02-26T15:24:22Z,domain2,kernel,[175048.770375] CPU7: Package temperature/speed normal,THA
437860700287801239,2014-02-26T15:24:22Z,domain1,kernel,[175048.770377] CPU6: Package temperature/speed normal,JPN
437860700287801240,2014-02-26T15:24:22Z,domain5,kernel,[175048.770380] CPU4: Package temperature/speed normal,ITA
437860700287801241,2014-02-26T15:24:22Z,domain1,kernel,[175048.770382] CPU5: Package temperature/speed normal,CUW
437860700287801242,2014-02-26T15:24:22Z,domain5,kernel,[175048.770384] CPU1: Package temperature/speed normal,USA
437860700287801243,2014-02-26T15:24:22Z,domain3,kernel,[175048.770386] CPU3: Package temperature/speed normal,ISR
437860700287801244,2014-02-26T15:25:19Z,domain5,kernel,"[175105.080790] CPU1: Core temperature above threshold, cpu clock throttled (total events = 313692)",FRA
437860700287801245,2014-02-26T15:25:19Z,domain5,kernel,"[175105.080793] CPU0: Core temperature above threshold, cpu clock throttled (total events = 313692)",JPN
437860700287801246,2014-02-26T15:25:19Z,domain5,kernel,[175105.097834] CPU1: Core temperature/speed normal,FRA
437860700287801247,2014-02-26T15:25:19Z,domain1,kernel,[175105.097837] CPU0: Core temperature/speed normal,NZL
437860700287801248,2014-02-26T15:29:23Z,domain5,kernel,"[175348.949508] CPU2: Package temperature above threshold, cpu clock throttled (total events = 487771)",ISR
437860700287801249,2014-02-26T15:29:23Z,domain4,kernel,"[175348.949513] CPU0: Package temperature above threshold, cpu clock throttled (total events = 487771)",USA
437860700287801250,2014-02-26T15:29:23Z,domain1,kernel,"[175348.949516] CPU1: Package temperature above threshold, cpu clock throttled (total events = 487771)",FRA
437860700287801251,2014-02-26T15:29:23Z,domain2,kernel,"[175348.949518] CPU3: Package temperature above threshold, cpu clock throttled (total events = 487771)",ITA
437860700287801252,2014-02-26T15:29:23Z,domain5,kernel,"[175348.949545] CPU4: Package temperature above threshold, cpu clock throttled (total events = 487771)",USA
437860700287801253,2014-02-26T15:29:23Z,domain1,kernel,"[175348.949548] CPU5: Package temperature above threshold, cpu clock throttled (total events = 487771)",ISR
437860700287801254,2014-02-26T15:29:23Z,domain5,kernel,"[175348.949552] CPU6: Package temperature above threshold, cpu clock throttled (total events = 487771)",NZL
437860700287801255,2014-02-26T15:29:23Z,domain1,kernel,"[175348.949554] CPU7: Package temperature above threshold, cpu clock throttled (total events = 487771)",USA
437860700287801256,2014-02-26T15:29:23Z,domain4,kernel,[175348.950499] CPU0: Package temperature/speed normal,FRA
437860700287801257,2014-02-26T15:29:23Z,domain5,kernel,[175348.950501] CPU1: Package temperature/speed normal,USA
437860700287801258,2014-02-26T15:29:23Z,domain3,kernel,[175348.950549] CPU3: Package temperature/speed normal,USA
437860700287801259,2014-02-26T15:29:23Z,domain2,kernel,[175348.950552] CPU2: Package temperature/speed normal,ISR
437860700287801260,2014-02-26T15:29:23Z,domain4,kernel,[175348.950555] CPU5: Package temperature/speed normal,ITA
437860700287801261,2014-02-26T15:29:23Z,domain4,kernel,[175348.950557] CPU4: Package temperature/speed normal,NZL
437860700287801262,2014-02-26T15:29:23Z,domain2,kernel,[175348.950560] CPU7: Package temperature/speed normal,FRA
437860700287801263,2014-02-26T15:29:23Z,domain5,kernel,[175348.950562] CPU6: Package temperature/speed normal,JPN
437860700287801264,2014-02-26T15:30:23Z,domain4,kernel,"[175409.483067] CPU0: Core temperature above threshold, cpu clock throttled (total events = 314811)",FRA
437860700287801265,2014-02-26T15:30:23Z,domain5,kernel,"[175409.483069] CPU1: Core temperature above threshold, cpu clock throttled (total events = 314811)",USA
437860700287801266,2014-02-26T15:30:23Z,domain1,kernel,[175409.485091] CPU1: Core temperature/speed normal,ISR
437860700287801267,2014-02-26T15:30:23Z,domain2,kernel,[175409.485092] CPU0: Core temperature/speed normal,ITA
437860700287801268,2014-02-26T15:34:27Z,domain5,kernel,"[175653.380878] CPU0: Package temperature above threshold, cpu clock throttled (total events = 489188)",THA
437860700287801269,2014-02-26T15:34:27Z,domain3,kernel,"[175653.380882] CPU3: Package temperature above threshold, cpu clock throttled (total events = 489188)",CUW
437860700287801270,2014-02-26T15:34:27Z,domain3,kernel,"[175653.380885] CPU2: Package temperature above threshold, cpu clock throttled (total events = 489188)",CUW
437860700287801271,2014-02-26T15:34:27Z,domain5,kernel,"[175653.380888] CPU1: Package temperature above threshold, cpu clock throttled (total events = 489188)",CUW
437860700287801272,2014-02-26T15:34:27Z,domain5,kernel,"[175653.380908] CPU4: Package temperature above threshold, cpu clock throttled (total events = 489188)",ISR
437860700287801273,2014-02-26T15:34:27Z,domain4,kernel,"[175653.380910] CPU5: Package temperature above threshold, cpu clock throttled (total events = 489188)",NZL
437860700287801274,2014-02-26T15:34:27Z,domain1,kernel,"[175653.380915] CPU6: Package temperature above threshold, cpu clock throttled (total events = 489188)",CUW
437860700287801275,2014-02-26T15:34:27Z,domain3,kernel,"[175653.380917] CPU7: Package temperature above threshold, cpu clock throttled (total events = 489188)",CUW
437860700287801276,2014-02-26T15:34:27Z,domain1,kernel,[175653.381916] CPU0: Package temperature/speed normal,THA
437860700287801277,2014-02-26T15:34:27Z,domain1,kernel,[175653.381918] CPU2: Package temperature/speed normal,ITA
437860700287801278,2014-02-26T15:34:27Z,domain1,kernel,[175653.381919] CPU3: Package temperature/speed normal,ISR
437860700287801279,2014-02-26T15:34:27Z,domain2,kernel,[175653.381920] CPU1: Package temperature/speed normal,USA
437860700287801280,2014-02-26T15:34:27Z,domain1,kernel,[175653.381945] CPU4: Package temperature/speed normal,NZL
437860700287801281,2014-02-26T15:34:27Z,domain1,kernel,[175653.381947] CPU5: Package temperature/speed normal,JPN
437860700287801282,2014-02-26T15:34:27Z,domain3,kernel,[175653.381954] CPU6: Package temperature/speed normal,CUW
437860700287801283,2014-02-26T15:34:27Z,domain2,kernel,[175653.381956] CPU7: Package temperature/speed normal,THA
437860700287801284,2014-02-26T15:36:00Z,domain2,kernel,"[175745.728584] CPU1: Core temperature above threshold, cpu clock throttled (total events = 316025)",USA
437860700287801285,2014-02-26T15:36:00Z,domain5,kernel,"[175745.728587] CPU0: Core temperature above threshold, cpu clock throttled (total events = 316025)",CUW
437860700287801286,2014-02-26T15:36:00Z,domain3,kernel,[175745.729600] CPU1: Core temperature/speed normal,ISR
437860700287801287,2014-02-26T15:36:00Z,domain2,kernel,[175745.729601] CPU0: Core temperature/speed normal,ITA
437860700287801288,2014-02-26T15:39:37Z,domain1,kernel,"[175963.319467] CPU4: Package temperature above threshold, cpu clock throttled (total events = 489345)",ITA
437860700287801289,2014-02-26T15:39:37Z,domain4,kernel,"[175963.319471] CPU0: Package temperature above threshold, cpu clock throttled (total events = 489345)",NZL
437860700287801290,2014-02-26T15:39:37Z,domain4,kernel,"[175963.319475] CPU6: Package temperature above threshold, cpu clock throttled (total events = 489345)",ITA
437860700287801291,2014-02-26T15:39:37Z,domain5,kernel,"[175963.319478] CPU1: Package temperature above threshold, cpu clock throttled (total events = 489345)",FRA
437860700287801292,2014-02-26T15:39:37Z,domain4,kernel,"[175963.319482] CPU5: Package temperature above threshold, cpu clock throttled (total events = 489345)",USA
437860700287801293,2014-02-26T15:39:37Z,domain2,kernel,"[175963.319485] CPU7: Package temperature above threshold, cpu clock throttled (total events = 489345)",USA
437860700287801294,2014-02-26T15:39:37Z,domain1,kernel,"[175963.319489] CPU2: Package temperature above threshold, cpu clock throttled (total events = 489345)",ITA
437860700287801295,2014-02-26T15:39:37Z,domain4,kernel,"[175963.319492] CPU3: Package temperature above threshold, cpu clock throttled (total events = 489345)",FRA
437860700287801296,2014-02-26T15:39:37Z,domain1,kernel,[175963.320433] CPU0: Package temperature/speed normal,USA
437860700287801297,2014-02-26T15:39:37Z,domain2,kernel,[175963.320436] CPU6: Package temperature/speed normal,ITA
437860700287801298,2014-02-26T15:39:37Z,domain3,kernel,[175963.320438] CPU7: Package temperature/speed normal,FRA
437860700287801299,2014-02-26T15:39:37Z,domain3,kernel,[175963.320440] CPU1: Package temperature/speed normal,FRA
437860700287801300,2014-02-26T15:39:37Z,domain2,kernel,[175963.320461] CPU3: Package temperature/speed normal,CUW
437860700287801301,2014-02-26T15:39:37Z,domain3,kernel,[175963.320463] CPU2: Package temperature/speed normal,ISR
437860700287801302,2014-02-26T15:39:37Z,domain1,kernel,[175963.320469] CPU4: Package temperature/speed normal,FRA
437860700287801303,2014-02-26T15:39:37Z,domain1,kernel,[175963.320471] CPU5: Package temperature/speed normal,NZL
437860700287801304,2014-02-26T15:41:07Z,domain2,kernel,"[176052.665779] CPU0: Core temperature above threshold, cpu clock throttled (total events = 316252)",ISR
437860700287801305,2014-02-26T15:41:07Z,domain5,kernel,"[176052.665781] CPU1: Core temperature above threshold, cpu clock throttled (total events = 316252)",ITA
437860700287801306,2014-02-26T15:41:07Z,domain3,kernel,[176052.666771] CPU0: Core temperature/speed normal,ISR
437860700287801307,2014-02-26T15:41:07Z,domain3,kernel,[176052.666772] CPU1: Core temperature/speed normal,ISR
437860700287801308,2014-02-26T15:45:44Z,domain2,kernel,"[176330.150215] CPU1: Package temperature above threshold, cpu clock throttled (total events = 489537)",ITA
437860700287801309,2014-02-26T15:45:44Z,domain5,kernel,"[176330.150218] CPU0: Package temperature above threshold, cpu clock throttled (total events = 489537)",JPN
437860700287801310,2014-02-26T15:45:44Z,domain2,kernel,"[176330.150252] CPU2: Package temperature above threshold, cpu clock throttled (total events = 489537)",FRA
437860700287801311,2014-02-26T15:45:44Z,domain3,kernel,"[176330.150255] CPU3: Package temperature above threshold, cpu clock throttled (total events = 489537)",ISR
437860700287801312,2014-02-26T15:45:44Z,domain3,kernel,"[176330.150259] CPU5: Package temperature above threshold, cpu clock throttled (total events = 489537)",FRA
437860700287801313,2014-02-26T15:45:44Z,domain5,kernel,"[176330.150262] CPU4: Package temperature above threshold, cpu clock throttled (total events = 489537)",ITA
437860700287801314,2014-02-26T15:45:44Z,domain5,kernel,"[176330.150266] CPU6: Package temperature above threshold, cpu clock throttled (total events = 489537)",NZL
437860700287801315,2014-02-26T15:45:44Z,domain3,kernel,"[176330.150268] CPU7: Package temperature above threshold, cpu clock throttled (total events = 489537)",JPN
437860700287801316,2014-02-26T15:45:44Z,domain3,kernel,[176330.151203] CPU0: Package temperature/speed normal,THA
437860700287801317,2014-02-26T15:45:44Z,domain3,kernel,[176330.151205] CPU1: Package temperature/speed normal,ISR
437860700287801318,2014-02-26T15:45:44Z,domain5,kernel,[176330.151233] CPU3: Package temperature/speed normal,ITA
437860700287801319,2014-02-26T15:45:44Z,domain3,kernel,[176330.151235] CPU2: Package temperature/speed normal,USA
437860700287801320,2014-02-26T15:45:44Z,domain4,kernel,[176330.151238] CPU4: Package temperature/speed normal,JPN
437860700287801321,2014-02-26T15:45:44Z,domain1,kernel,[176330.151240] CPU5: Package temperature/speed normal,THA
437860700287801322,2014-02-26T15:45:44Z,domain2,kernel,[176330.151243] CPU7: Package temperature/speed normal,ISR
437860700287801323,2014-02-26T15:45:44Z,domain5,kernel,[176330.151246] CPU6: Package temperature/speed normal,ISR
437860700287801324,2014-02-26T15:46:59Z,domain5,kernel,"[176404.614177] CPU0: Core temperature above threshold, cpu clock throttled (total events = 316344)",FRA
437860700287801325,2014-02-26T15:46:59Z,domain4,kernel,"[176404.614180] CPU1: Core temperature above threshold, cpu clock throttled (total events = 316344)",ITA
437860700287801326,2014-02-26T15:46:59Z,domain2,kernel,[176404.615188] CPU0: Core temperature/speed normal,THA
437860700287801327,2014-02-26T15:46:59Z,domain5,kernel,[176404.615190] CPU1: Core temperature/speed normal,FRA
437860700287801328,2014-02-26T15:51:32Z,domain5,kernel,"[176677.649779] CPU0: Package temperature above threshold, cpu clock throttled (total events = 489594)",ITA
437860700287801329,2014-02-26T15:51:32Z,domain2,kernel,"[176677.649782] CPU1: Package temperature above threshold, cpu clock throttled (total events = 489594)",USA
437860700287801330,2014-02-26T15:51:32Z,domain1,kernel,"[176677.649786] CPU7: Package temperature above threshold, cpu clock throttled (total events = 489594)",ISR
437860700287801331,2014-02-26T15:51:32Z,domain5,kernel,"[176677.649796] CPU6: Package temperature above threshold, cpu clock throttled (total events = 489594)",NZL
437860700287801332,2014-02-26T15:51:32Z,domain3,kernel,"[176677.649806] CPU2: Package temperature above threshold, cpu clock throttled (total events = 489594)",CUW
437860700287801333,2014-02-26T15:51:32Z,domain1,kernel,"[176677.649809] CPU3: Package temperature above threshold, cpu clock throttled (total events = 489594)",JPN
437860700287801334,2014-02-26T15:51:32Z,domain5,kernel,"[176677.649813] CPU4: Package temperature above threshold, cpu clock throttled (total events = 489594)",USA
437860700287801335,2014-02-26T15:51:32Z,domain5,kernel,"[176677.649816] CPU5: Package temperature above threshold, cpu clock throttled (total events = 489594)",JPN
437860700287801336,2014-02-26T15:51:32Z,domain1,kernel,[176677.650766] CPU1: Package temperature/speed normal,NZL
437860700287801337,2014-02-26T15:51:32Z,domain1,kernel,[176677.650767] CPU0: Package temperature/speed normal,JPN
437860700287801338,2014-02-26T15:51:32Z,domain4,kernel,[176677.650806] CPU3: Package temperature/speed normal,FRA
437860700287801339,2014-02-26T15:51:32Z,domain1,kernel,[176677.650808] CPU2: Package temperature/speed normal,CUW
437860700287801340,2014-02-26T15:51:32Z,domain3,kernel,[176677.650811] CPU4: Package temperature/speed normal,JPN
437860700287801341,2014-02-26T15:51:32Z,domain1,kernel,[176677.650813] CPU5: Package temperature/speed normal,THA
437860700287801342,2014-02-26T15:51:32Z,domain5,kernel,[176677.650816] CPU7: Package temperature/speed normal,THA
437860700287801343,2014-02-26T15:51:32Z,domain2,kernel,[176677.650818] CPU6: Package temperature/speed normal,ITA
437860700287801344,2014-02-26T15:57:23Z,domain5,kernel,"[177029.429664] CPU1: Core temperature above threshold, cpu clock throttled (total events = 316390)",CUW
437860700287801345,2014-02-26T15:57:23Z,domain5,kernel,"[177029.429669] CPU5: Package temperature above threshold, cpu clock throttled (total events = 489604)",THA
437860700287801346,2014-02-26T15:57:23Z,domain3,kernel,"[177029.429673] CPU6: Package temperature above threshold, cpu clock throttled (total events = 489604)",NZL
437860700287801347,2014-02-26T15:57:23Z,domain5,kernel,"[177029.429676] CPU4: Package temperature above threshold, cpu clock throttled (total events = 489604)",NZL
437860700287801348,2014-02-26T15:57:23Z,domain5,kernel,"[177029.429679] CPU3: Package temperature above threshold, cpu clock throttled (total events = 489604)",FRA
437860700287801349,2014-02-26T15:57:23Z,domain4,kernel,"[177029.429682] CPU0: Core temperature above threshold, cpu clock throttled (total events = 316390)",NZL
437860700287801350,2014-02-26T15:57:23Z,domain2,kernel,"[177029.429685] CPU2: Package temperature above threshold, cpu clock throttled (total events = 489604)",THA
437860700287801351,2014-02-26T15:57:23Z,domain5,kernel,"[177029.429688] CPU7: Package temperature above threshold, cpu clock throttled (total events = 489604)",THA
437860700287801352,2014-02-26T15:57:23Z,domain4,kernel,"[177029.429690] CPU0: Package temperature above threshold, cpu clock throttled (total events = 489604)",JPN
437860700287801353,2014-02-26T15:57:23Z,domain5,kernel,"[177029.429693] CPU1: Package temperature above threshold, cpu clock throttled (total events = 489604)",NZL
437860700287801354,2014-02-26T15:57:23Z,domain5,kernel,[177029.430645] CPU2: Package temperature/speed normal,JPN
437860700287801355,2014-02-26T15:57:23Z,domain1,kernel,[177029.430647] CPU1: Core temperature/speed normal,NZL
437860700287801356,2014-02-26T15:57:23Z,domain3,kernel,[177029.430648] CPU0: Core temperature/speed normal,ITA
437860700287801357,2014-02-26T15:57:23Z,domain3,kernel,[177029.430650] CPU3: Package temperature/speed normal,JPN
437860700287801358,2014-02-26T15:57:23Z,domain5,kernel,[177029.430652] CPU1: Package temperature/speed normal,ISR
437860700287801359,2014-02-26T15:57:23Z,domain2,kernel,[177029.430653] CPU0: Package temperature/speed normal,JPN
437860700287801360,2014-02-26T15:57:23Z,domain2,kernel,[177029.430682] CPU5: Package temperature/speed normal,CUW
437860700287801361,2014-02-26T15:57:23Z,domain1,kernel,[177029.430684] CPU4: Package temperature/speed normal,FRA
437860700287801362,2014-02-26T15:57:23Z,domain4,kernel,[177029.430687] CPU7: Package temperature/speed normal,FRA
437860700287801363,2014-02-26T15:57:23Z,domain4,kernel,[177029.430689] CPU6: Package temperature/speed normal,ISR
437860700287801364,2014-02-26T16:06:27Z,domain4,kernel,"[177572.797402] CPU1: Core temperature above threshold, cpu clock throttled (total events = 316485)",ISR
437860700287801365,2014-02-26T16:06:27Z,domain3,kernel,"[177572.797405] CPU0: Core temperature above threshold, cpu clock throttled (total events = 316485)",ISR
437860700287801366,2014-02-26T16:06:27Z,domain3,kernel,"[177572.797409] CPU5: Package temperature above threshold, cpu clock throttled (total events = 489699)",ITA
437860700287801367,2014-02-26T16:06:27Z,domain3,kernel,"[177572.797412] CPU4: Package temperature above threshold, cpu clock throttled (total events = 489699)",ITA
437860700287801368,2014-02-26T16:06:27Z,domain3,kernel,"[177572.797416] CPU2: Package temperature above threshold, cpu clock throttled (total events = 489699)",FRA
437860700287801369,2014-02-26T16:06:27Z,domain4,kernel,"[177572.797419] CPU3: Package temperature above threshold, cpu clock throttled (total events = 489699)",ISR
437860700287801370,2014-02-26T16:06:27Z,domain4,kernel,"[177572.797422] CPU0: Package temperature above threshold, cpu clock throttled (total events = 489699)",CUW
437860700287801371,2014-02-26T16:06:27Z,domain1,kernel,"[177572.797426] CPU7: Package temperature above threshold, cpu clock throttled (total events = 489699)",THA
437860700287801372,2014-02-26T16:06:27Z,domain3,kernel,"[177572.797429] CPU6: Package temperature above threshold, cpu clock throttled (total events = 489699)",NZL
437860700287801373,2014-02-26T16:06:27Z,domain3,kernel,"[177572.797433] CPU1: Package temperature above threshold, cpu clock throttled (total events = 489699)",NZL
437860700287801374,2014-02-26T16:06:27Z,domain4,kernel,[177572.799365] CPU0: Core temperature/speed normal,USA
437860700287801375,2014-02-26T16:06:27Z,domain2,kernel,[177572.799366] CPU1: Core temperature/speed normal,CUW
437860700287801376,2014-02-26T16:06:27Z,domain2,kernel,[177572.799368] CPU4: Package temperature/speed normal,ITA
437860700287801377,2014-02-26T16:06:27Z,domain1,kernel,[177572.799370] CPU5: Package temperature/speed normal,THA
437860700287801378,2014-02-26T16:06:27Z,domain2,kernel,[177572.799371] CPU1: Package temperature/speed normal,USA
437860700287801379,2014-02-26T16:06:27Z,domain4,kernel,[177572.799382] CPU0: Package temperature/speed normal,FRA
437860700287801380,2014-02-26T16:06:27Z,domain1,kernel,[177572.799392] CPU3: Package temperature/speed normal,THA
437860700287801381,2014-02-26T16:06:27Z,domain5,kernel,[177572.799395] CPU2: Package temperature/speed normal,NZL
437860700287801382,2014-02-26T16:06:27Z,domain3,kernel,[177572.799398] CPU6: Package temperature/speed normal,USA
437860700287801383,2014-02-26T16:06:27Z,domain5,kernel,[177572.799400] CPU7: Package temperature/speed normal,USA
437860700287801384,2014-02-26T16:15:32Z,domain1,kernel,"[178117.882479] CPU1: Core temperature above threshold, cpu clock throttled (total events = 316493)",NZL
437860700287801385,2014-02-26T16:15:32Z,domain5,kernel,"[178117.882481] CPU0: Core temperature above threshold, cpu clock throttled (total events = 316493)",NZL
437860700287801386,2014-02-26T16:15:32Z,domain4,kernel,"[178117.882484] CPU0: Package temperature above threshold, cpu clock throttled (total events = 489707)",ISR
437860700287801387,2014-02-26T16:15:32Z,domain3,kernel,"[178117.882486] CPU1: Package temperature above threshold, cpu clock throttled (total events = 489707)",FRA
437860700287801388,2014-02-26T16:15:32Z,domain5,kernel,"[178117.882517] CPU3: Package temperature above threshold, cpu clock throttled (total events = 489707)",JPN
437860700287801389,2014-02-26T16:15:32Z,domain4,kernel,"[178117.882520] CPU2: Package temperature above threshold, cpu clock throttled (total events = 489707)",USA
437860700287801390,2014-02-26T16:15:32Z,domain3,kernel,"[178117.882523] CPU5: Package temperature above threshold, cpu clock throttled (total events = 489707)",CUW
437860700287801391,2014-02-26T16:15:32Z,domain2,kernel,"[178117.882527] CPU4: Package temperature above threshold, cpu clock throttled (total events = 489707)",USA
437860700287801392,2014-02-26T16:15:32Z,domain3,kernel,"[178117.882530] CPU6: Package temperature above threshold, cpu clock throttled (total events = 489707)",CUW
437860700287801393,2014-02-26T16:15:32Z,domain5,kernel,"[178117.882533] CPU7: Package temperature above threshold, cpu clock throttled (total events = 489707)",THA
437860700287801394,2014-02-26T16:15:32Z,domain5,kernel,[178117.883490] CPU1: Core temperature/speed normal,JPN
437860700287801395,2014-02-26T16:15:32Z,domain5,kernel,[178117.883492] CPU0: Core temperature/speed normal,FRA
437860700287801396,2014-02-26T16:15:32Z,domain3,kernel,[178117.883493] CPU0: Package temperature/speed normal,CUW
437860700287801397,2014-02-26T16:15:32Z,domain2,kernel,[178117.883494] CPU1: Package temperature/speed normal,NZL
437860700287801398,2014-02-26T16:15:32Z,domain2,kernel,[178117.883530] CPU3: Package temperature/speed normal,ITA
437860700287801399,2014-02-26T16:15:32Z,domain5,kernel,[178117.883533] CPU2: Package temperature/speed normal,ITA
437860700287801400,2014-02-26T16:15:32Z,domain1,kernel,[178117.883535] CPU4: Package temperature/speed normal,USA
437860700287801401,2014-02-26T16:15:32Z,domain2,kernel,[178117.883538] CPU5: Package temperature/speed normal,ISR
437860700287801402,2014-02-26T16:15:32Z,domain2,kernel,[178117.883540] CPU6: Package temperature/speed normal,CUW
437860700287801403,2014-02-26T16:15:32Z,domain5,kernel,[178117.883543] CPU7: Package temperature/speed normal,JPN
437860700287801404,2014-02-26T16:17:01Z,domain2,CRON[29157],(root) CMD (   cd / && run-parts --report /etc/cron.hourly),ISR