1480895575670915074,metastore,415,Singapore,128.199.234.236,302,SG,SGP,Singapore,Other,,1.2931,103.8558,GET,Other,,HTTP/1.1,,-,00,GET /metastore/table/default/sample_07 HTTP/1.1,table,2014-05-04T07:45:50Z,/metastore/table/default/sample_07,Mozilla/5.0 (compatible; phpservermon/3.0.1; +http://www.phpservermonitor.org),Other,,f1d54312-bb47-453e-b384-8a99f4dce89a
1480895575670915075,accounts,540,Singapore,128.199.234.236,302,SG,SGP,Singapore,Other,,1.2931,103.8558,GET,Other,,HTTP/1.1,,-,00,GET /accounts/login/?next=/metastore/table/default/sample_07 HTTP/1.1,login,2014-05-04T07:45:50Z,/accounts/login/?next=/metastore/table/default/sample_07,Mozilla/5.0 (compatible; phpservermon/3.0.1; +http://www.phpservermonitor.org),Other,,54203ec5-e1e9-4fd0-9c5f-d2f526787188
1480895575670915076,metastore,13370,Singapore,128.199.234.236,200,SG,SGP,Singapore,Other,,1.2931,103.8558,GET,Other,,HTTP/1.1,,-,00,GET /metastore/table/default/sample_07 HTTP/1.1,table,2014-05-04T07:45:50Z,/metastore/table/default/sample_07,Mozilla/5.0 (compatible; phpservermon/3.0.1; +http://www.phpservermonitor.org),Other,,71edcc40-a19a-4818-a9c7-7de952bc8a7e
1480895575670915077,search,407,Singapore,128.199.234.236,302,SG,SGP,Singapore,Other,,1.2931,103.8558,GET,Other,,HTTP/1.1,,-,00,GET /search/?collection=10000001 HTTP/1.1,,2014-05-04T07:45:53Z,/search/?collection=10000001,Mozilla/5.0 (compatible; phpservermon/3.0.1; +http://www.phpservermonitor.org),Other,,2ecf59ad-02fc-47e2-a20c-9a5faafe0ce9
1480895575671963648,accounts,528,Singapore,128.199.234.236,302,SG,SGP,Singapore,Other,,1.2931,103.8558,GET,Other,,HTTP/1.1,,-,00,GET /accounts/login/?next=/search/%3Fcollection%3D10000001 HTTP/1.1,login,2014-05-04T07:45:53Z,/accounts/login/?next=/search/%3Fcollection%3D10000001,Mozilla/5.0 (compatible; phpservermon/3.0.1; +http://www.phpservermonitor.org),Other,,514c76a0-7ee6-426e-909b-be7b3af6d5de
1480895575671963649,search,16629,Singapore,128.199.234.236,200,SG,SGP,Singapore,Other,,1.2931,103.8558,GET,Other,,HTTP/1.1,,-,00,GET /search/?collection=10000001 HTTP/1.1,,2014-05-04T07:45:54Z,/search/?collection=10000001,Mozilla/5.0 (compatible; phpservermon/3.0.1; +http://www.phpservermonitor.org),Other,,46556516-0926-4534-82cb-41a82b6e8ed7
1480895575671963650,,329,Singapore,128.199.234.236,302,SG,SGP,Singapore,Other,,1.2931,103.8558,HEAD,Other,,HTTP/1.1,,-,00,HEAD / HTTP/1.1,,2014-05-04T07:45:56Z,/,Mozilla/5.0 (compatible; phpservermon/3.0.1; +http://www.phpservermonitor.org),Other,,a4782fad-38ff-454d-ad74-774b4a332026
1480895575671963651,accounts,448,Singapore,128.199.234.236,302,SG,SGP,Singapore,Other,,1.2931,103.8558,HEAD,Other,,HTTP/1.1,,-,00,HEAD /accounts/login/?next=/ HTTP/1.1,login,2014-05-04T07:45:56Z,/accounts/login/?next=/,Mozilla/5.0 (compatible; phpservermon/3.0.1; +http://www.phpservermonitor.org),Other,,373a07b2-e455-4587-8261-bd3ab4e24f65
1480895575671963652,,269,Singapore,128.199.234.236,200,SG,SGP,Singapore,Other,,1.2931,103.8558,HEAD,Other,,HTTP/1.1,,-,00,HEAD / HTTP/1.1,,2014-05-04T07:45:57Z,/,Mozilla/5.0 (compatible; phpservermon/3.0.1; +http://www.phpservermonitor.org),Other,,7ce501d5-8025-4195-a421-ad1c7a57fe28
1480895575671963653,impala,533,Mountain View,66.249.76.219,302,US,USA,United States,Spider,,37.386,-122.0838,GET,Other,,HTTP/1.1,,-,CA,GET /impala/query_history?q-page=1&amp;q-type=impala&amp;q-user=5gq928d HTTP/1.1,,2014-05-04T07:46:28Z,/impala/query_history?q-page=1&amp;q-type=impala&amp;q-user=5gq928d,Mozilla/5.0 (compatible; Googlebot/2.1; +http://www.google.com/bot.html),Googlebot,2,28ffd2f7-76f9-4ad3-90bc-a617383fe65f
1480895575673012224,accounts,654,Mountain View,66.249.76.228,302,US,USA,United States,Spider,,37.386,-122.0838,GET,Other,,HTTP/1.1,,-,CA,GET /accounts/login/?next=/impala/query_history%3Fq-page%3D1%26q-type%3Dimpala%26q-user%3D5gq928d HTTP/1.1,login,2014-05-04T07:46:29Z,/accounts/login/?next=/impala/query_history%3Fq-page%3D1%26q-type%3Dimpala%26q-user%3D5gq928d,Mozilla/5.0 (compatible; Googlebot/2.1; +http://www.google.com/bot.html),Googlebot,2,c3fe06fc-48d7-43bf-a061-8b81e65e8b65
1480895575673012225,impala,9258,Mountain View,66.249.76.208,200,US,USA,United States,Spider,,37.386,-122.0838,GET,Other,,HTTP/1.1,,-,CA,GET /impala/query_history?q-page=1&amp;q-type=impala&amp;q-user=5gq928d HTTP/1.1,,2014-05-04T07:46:29Z,/impala/query_history?q-page=1&amp;q-type=impala&amp;q-user=5gq928d,Mozilla/5.0 (compatible; Googlebot/2.1; +http://www.google.com/bot.html),Googlebot,2,5311fea5-03e3-4ab4-a7cb-bf41dfeff2f1
1480895575673012226,,402,,46.27.28.87,302,ES,ESP,Spain,Other,,40.0,-4.0,GET,Windows,,HTTP/1.1,,http://gethue.com/,,GET / HTTP/1.1,,2014-05-04T07:46:39Z,/,Mozilla/5.0 (Windows NT 6.3; WOW64; rv:29.0) Gecko/20100101 Firefox/29.0,Firefox,29,e964bceb-2fc4-440b-8b59-25bd49c2f38f
1480895575673012227,accounts,520,,46.27.28.87,302,ES,ESP,Spain,Other,,40.0,-4.0,GET,Windows,,HTTP/1.1,,http://gethue.com/,,GET /accounts/login/?next=/ HTTP/1.1,login,2014-05-04T07:46:40Z,/accounts/login/?next=/,Mozilla/5.0 (Windows NT 6.3; WOW64; rv:29.0) Gecko/20100101 Firefox/29.0,Firefox,29,cd0110c1-9eb5-4b8c-8b58-305ca46197ea
1480895575674060800,,16556,,46.27.28.87,200,ES,ESP,Spain,Other,,40.0,-4.0,GET,Windows,,HTTP/1.1,,http://gethue.com/,,GET / HTTP/1.1,,2014-05-04T07:46:40Z,/,Mozilla/5.0 (Windows NT 6.3; WOW64; rv:29.0) Gecko/20100101 Firefox/29.0,Firefox,29,459e7777-1d97-426a-b63e-4c922dffffc6
1480895575674060801,static,4449,,46.27.28.87,200,ES,ESP,Spain,Other,css,40.0,-4.0,GET,Windows,,HTTP/1.1,,http://demo.gethue.com/,,GET /static/ext/css/font-awesome.min.css HTTP/1.1,ext,2014-05-04T07:46:42Z,/static/ext/css/font-awesome.min.css,Mozilla/5.0 (Windows NT 6.3; WOW64; rv:29.0) Gecko/20100101 Firefox/29.0,Firefox,29,5f0702d7-9990-4f06-a03b-64691d156901
1480895575674060802,static,21109,,46.27.28.87,200,ES,ESP,Spain,Other,css,40.0,-4.0,GET,Windows,,HTTP/1.1,,http://demo.gethue.com/,,GET /static/ext/css/bootplus.css HTTP/1.1,ext,2014-05-04T07:46:42Z,/static/ext/css/bootplus.css,Mozilla/5.0 (Windows NT 6.3; WOW64; rv:29.0) Gecko/20100101 Firefox/29.0,Firefox,29,ea16f320-eb90-4597-b02f-fb1f4d193c09
1480895575674060803,static,6899,,46.27.28.87,200,ES,ESP,Spain,Other,css,40.0,-4.0,GET,Windows,,HTTP/1.1,,http://demo.gethue.com/,,GET /static/css/hue3.css HTTP/1.1,css,2014-05-04T07:46:42Z,/static/css/hue3.css,Mozilla/5.0 (Windows NT 6.3; WOW64; rv:29.0) Gecko/20100101 Firefox/29.0,Firefox,29,44fa5c09-1e9d-4bf1-8139-2edce585f9a4
1480895575675109376,static,1363,,46.27.28.87,200,ES,ESP,Spain,Other,css,40.0,-4.0,GET,Windows,,HTTP/1.1,,http://demo.gethue.com/,,GET /static/ext/css/fileuploader.css HTTP/1.1,ext,2014-05-04T07:46:42Z,/static/ext/css/fileuploader.css,Mozilla/5.0 (Windows NT 6.3; WOW64; rv:29.0) Gecko/20100101 Firefox/29.0,Firefox,29,e38722c3-3ea1-491f-9e82-0b4b03e56e47
1480895575675109377,static,1222,,46.27.28.87,200,ES,ESP,Spain,Other,js,40.0,-4.0,GET,Windows,,HTTP/1.1,,http://demo.gethue.com/,,GET /static/js/hue.utils.js HTTP/1.1,js,2014-05-04T07:46:42Z,/static/js/hue.utils.js,Mozilla/5.0 (Windows NT 6.3; WOW64; rv:29.0) Gecko/20100101 Firefox/29.0,Firefox,29,4e4a701b-ba76-48bc-a59f-5ae596bc38d4
1480895575675109378,static,29782,,46.27.28.87,200,ES,ESP,Spain,Other,js,40.0,-4.0,GET,Windows,,HTTP/1.1,,http://demo.gethue.com/,,GET /static/ext/js/jquery/jquery-2.0.2.min.js HTTP/1.1,ext,2014-05-04T07:46:42Z,/static/ext/js/jquery/jquery-2.0.2.min.js,Mozilla/5.0 (Windows NT 6.3; WOW64; rv:29.0) Gecko/20100101 Firefox/29.0,Firefox,29,dcf8619a-2792-42e2-a7d5-ca1f6817432f
1480895575675109379,static,2115,,46.27.28.87,200,ES,ESP,Spain,Other,js,40.0,-4.0,GET,Windows,,HTTP/1.1,,http://demo.gethue.com/,,GET /static/js/jquery.migration.js HTTP/1.1,js,2014-05-04T07:46:42Z,/static/js/jquery.migration.js,Mozilla/5.0 (Windows NT 6.3; WOW64; rv:29.0) Gecko/20100101 Firefox/29.0,Firefox,29,65bf55eb-cd86-4215-b1bc-578a35d85350
1480895575676157952,static,3962,,46.27.28.87,200,ES,ESP,Spain,Other,js,40.0,-4.0,GET,Windows,,HTTP/1.1,,http://demo.gethue.com/,,GET /static/js/jquery.filechooser.js HTTP/1.1,js,2014-05-04T07:46:42Z,/static/js/jquery.filechooser.js,Mozilla/5.0 (Windows NT 6.3; WOW64; rv:29.0) Gecko/20100101 Firefox/29.0,Firefox,29,280a0b3f-521d-44a3-9688-df8a0b2c5c1b
1480895575676157953,static,2344,,46.27.28.87,200,ES,ESP,Spain,Other,js,40.0,-4.0,GET,Windows,,HTTP/1.1,,http://demo.gethue.com/,,GET /static/js/jquery.selector.js HTTP/1.1,js,2014-05-04T07:46:42Z,/static/js/jquery.selector.js,Mozilla/5.0 (Windows NT 6.3; WOW64; rv:29.0) Gecko/20100101 Firefox/29.0,Firefox,29,d814b5b6-494f-488c-8880-cb7477caf9f2
1480895575676157954,static,1396,,46.27.28.87,200,ES,ESP,Spain,Other,js,40.0,-4.0,GET,Windows,,HTTP/1.1,,http://demo.gethue.com/,,GET /static/js/jquery.rowselector.js HTTP/1.1,js,2014-05-04T07:46:42Z,/static/js/jquery.rowselector.js,Mozilla/5.0 (Windows NT 6.3; WOW64; rv:29.0) Gecko/20100101 Firefox/29.0,Firefox,29,83f5203d-78d2-4f36-973f-8c158a743f50
1480895575676157955,static,1350,,46.27.28.87,200,ES,ESP,Spain,Other,js,40.0,-4.0,GET,Windows,,HTTP/1.1,,http://demo.gethue.com/,,GET /static/js/jquery.delayedinput.js HTTP/1.1,js,2014-05-04T07:46:42Z,/static/js/jquery.delayedinput.js,Mozilla/5.0 (Windows NT 6.3; WOW64; rv:29.0) Gecko/20100101 Firefox/29.0,Firefox,29,e9943d91-9d6d-4545-8fbb-0e0b74015c93
1480895575677206528,static,1748,,46.27.28.87,200,ES,ESP,Spain,Other,js,40.0,-4.0,GET,Windows,,HTTP/1.1,,http://demo.gethue.com/,,GET /static/js/jquery.notify.js HTTP/1.1,js,2014-05-04T07:46:42Z,/static/js/jquery.notify.js,Mozilla/5.0 (Windows NT 6.3; WOW64; rv:29.0) Gecko/20100101 Firefox/29.0,Firefox,29,3b88490c-a04c-48d2-84b2-248b2a21fa75
1480895575677206529,static,1281,,46.27.28.87,200,ES,ESP,Spain,Other,js,40.0,-4.0,GET,Windows,,HTTP/1.1,,http://demo.gethue.com/,,GET /static/js/jquery.titleupdater.js HTTP/1.1,js,2014-05-04T07:46:42Z,/static/js/jquery.titleupdater.js,Mozilla/5.0 (Windows NT 6.3; WOW64; rv:29.0) Gecko/20100101 Firefox/29.0,Firefox,29,95775cd0-be34-4d33-b647-1992ba7dcc6d
1480895575677206530,static,1978,,46.27.28.87,200,ES,ESP,Spain,Other,js,40.0,-4.0,GET,Windows,,HTTP/1.1,,http://demo.gethue.com/,,GET /static/js/jquery.tablescroller.js HTTP/1.1,js,2014-05-04T07:46:42Z,/static/js/jquery.tablescroller.js,Mozilla/5.0 (Windows NT 6.3; WOW64; rv:29.0) Gecko/20100101 Firefox/29.0,Firefox,29,75b72f1f-bd2b-4d4f-8afc-f499ea6a4cb1
1480895575677206531,static,2961,,46.27.28.87,200,ES,ESP,Spain,Other,js,40.0,-4.0,GET,Windows,,HTTP/1.1,,http://demo.gethue.com/,,GET /static/js/jquery.tableextender.js HTTP/1.1,js,2014-05-04T07:46:42Z,/static/js/jquery.tableextender.js,Mozilla/5.0 (Windows NT 6.3; WOW64; rv:29.0) Gecko/20100101 Firefox/29.0,Firefox,29,69362b58-9c79-4572-ab06-dfcfd713d39e
1480895575678255104,static,5864,,46.27.28.87,200,ES,ESP,Spain,Other,js,40.0,-4.0,GET,Windows,,HTTP/1.1,,http://demo.gethue.com/,,GET /static/js/jquery.tour.js HTTP/1.1,js,2014-05-04T07:46:42Z,/static/js/jquery.tour.js,Mozilla/5.0 (Windows NT 6.3; WOW64; rv:29.0) Gecko/20100101 Firefox/29.0,Firefox,29,dc467841-748c-43d2-b37a-f29e1369fe72
1480895575678255105,static,1858,,46.27.28.87,200,ES,ESP,Spain,Other,js,40.0,-4.0,GET,Windows,,HTTP/1.1,,http://demo.gethue.com/,,GET /static/js/jquery.scrollup.js HTTP/1.1,js,2014-05-04T07:46:42Z,/static/js/jquery.scrollup.js,Mozilla/5.0 (Windows NT 6.3; WOW64; rv:29.0) Gecko/20100101 Firefox/29.0,Firefox,29,b718f0b0-fe96-4aca-a3c6-111f538a367e
1480895575678255106,static,1279,,46.27.28.87,200,ES,ESP,Spain,Other,js,40.0,-4.0,GET,Windows,,HTTP/1.1,,http://demo.gethue.com/,,GET /static/ext/js/jquery/plugins/jquery.cookie.js HTTP/1.1,ext,2014-05-04T07:46:42Z,/static/ext/js/jquery/plugins/jquery.cookie.js,Mozilla/5.0 (Windows NT 6.3; WOW64; rv:29.0) Gecko/20100101 Firefox/29.0,Firefox,29,89485782-d1a2-4593-865b-984eed4263c8
1480895575678255107,static,1465,,46.27.28.87,200,ES,ESP,Spain,Other,js,40.0,-4.0,GET,Windows,,HTTP/1.1,,http://demo.gethue.com/,,GET /static/ext/js/jquery/plugins/jquery.total-storage.min.js HTTP/1.1,ext,2014-05-04T07:46:42Z,/static/ext/js/jquery/plugins/jquery.total-storage.min.js,Mozilla/5.0 (Windows NT 6.3; WOW64; rv:29.0) Gecko/20100101 Firefox/29.0,Firefox,29,2ecf82e1-2b10-48a2-963f-c186afacd387
1480895575679303680,static,19982,,46.27.28.87,200,ES,ESP,Spain,Other,js,40.0,-4.0,GET,Windows,,HTTP/1.1,,http://demo.gethue.com/,,GET /static/ext/js/jquery/plugins/jquery.dataTables.1.8.2.min.js HTTP/1.1,ext,2014-05-04T07:46:42Z,/static/ext/js/jquery/plugins/jquery.dataTables.1.8.2.min.js,Mozilla/5.0 (Windows NT 6.3; WOW64; rv:29.0) Gecko/20100101 Firefox/29.0,Firefox,29,99d8bf28-b1fb-419c-aa19-8b48d744d358
1480895575679303681,static,1301,,46.27.28.87,200,ES,ESP,Spain,Other,js,40.0,-4.0,GET,Windows,,HTTP/1.1,,http://demo.gethue.com/,,GET /static/ext/js/jquery/plugins/jquery.placeholder.min.js HTTP/1.1,ext,2014-05-04T07:46:42Z,/static/ext/js/jquery/plugins/jquery.placeholder.min.js,Mozilla/5.0 (Windows NT 6.3; WOW64; rv:29.0) Gecko/20100101 Firefox/29.0,Firefox,29,3a4058fb-7546-4fcc-b043-3d175897ce50
1480895575679303682,static,1024,,46.27.28.87,200,ES,ESP,Spain,Other,js,40.0,-4.0,GET,Windows,,HTTP/1.1,,http://demo.gethue.com/,,GET /static/js/jquery.datatables.sorting.js HTTP/1.1,js,2014-05-04T07:46:42Z,/static/js/jquery.datatables.sorting.js,Mozilla/5.0 (Windows NT 6.3; WOW64; rv:29.0) Gecko/20100101 Firefox/29.0,Firefox,29,a46d2d78-8ffa-4d57-adf0-bd3abd7f0087
1480895575679303683,static,7267,,46.27.28.87,200,ES,ESP,Spain,Other,js,40.0,-4.0,GET,Windows,,HTTP/1.1,,http://demo.gethue.com/,,GET /static/ext/js/bootstrap.min.js HTTP/1.1,ext,2014-05-04T07:46:42Z,/static/ext/js/bootstrap.min.js,Mozilla/5.0 (Windows NT 6.3; WOW64; rv:29.0) Gecko/20100101 Firefox/29.0,Firefox,29,0271eccc-3be2-4bf7-b6e8-0c09699a562e
1480895575679303684,static,10409,,46.27.28.87,200,ES,ESP,Spain,Other,js,40.0,-4.0,GET,Windows,,HTTP/1.1,,http://demo.gethue.com/,,GET /static/ext/js/fileuploader.js HTTP/1.1,ext,2014-05-04T07:46:42Z,/static/ext/js/fileuploader.js,Mozilla/5.0 (Windows NT 6.3; WOW64; rv:29.0) Gecko/20100101 Firefox/29.0,Firefox,29,93d9c0a9-5fac-412f-b778-ca8c7ac5ee29
1480895575680352256,static,1392,,46.27.28.87,200,ES,ESP,Spain,Other,js,40.0,-4.0,GET,Windows,,HTTP/1.1,,http://demo.gethue.com/,,GET /static/js/popover-extra-placements.js HTTP/1.1,js,2014-05-04T07:46:42Z,/static/js/popover-extra-placements.js,Mozilla/5.0 (Windows NT 6.3; WOW64; rv:29.0) Gecko/20100101 Firefox/29.0,Firefox,29,a8933e3d-d01b-46fc-89ec-19048b325de6
1480895575680352257,static,1536,,46.27.28.87,200,ES,ESP,Spain,Other,js,40.0,-4.0,GET,Windows,,HTTP/1.1,,http://demo.gethue.com/,,GET /static/ext/js/datatables-paging-0.1.js HTTP/1.1,ext,2014-05-04T07:46:43Z,/static/ext/js/datatables-paging-0.1.js,Mozilla/5.0 (Windows NT 6.3; WOW64; rv:29.0) Gecko/20100101 Firefox/29.0,Firefox,29,0a66fdd2-5cf4-47aa-9a70-98b8f95b8f7e
1480895575680352258,beeswax,1808,,46.27.28.87,200,ES,ESP,Spain,Other,png,40.0,-4.0,GET,Windows,,HTTP/1.1,,http://demo.gethue.com/,,GET /beeswax/static/art/icon_beeswax_24.png HTTP/1.1,static,2014-05-04T07:46:43Z,/beeswax/static/art/icon_beeswax_24.png,Mozilla/5.0 (Windows NT 6.3; WOW64; rv:29.0) Gecko/20100101 Firefox/29.0,Firefox,29,ebae303d-970c-4bc7-b4fe-12b784f5d2f5
1480895575681400832,impala,993,,46.27.28.87,200,ES,ESP,Spain,Other,png,40.0,-4.0,GET,Windows,,HTTP/1.1,,http://demo.gethue.com/,,GET /impala/static/art/icon_impala_24.png HTTP/1.1,static,2014-05-04T07:46:43Z,/impala/static/art/icon_impala_24.png,Mozilla/5.0 (Windows NT 6.3; WOW64; rv:29.0) Gecko/20100101 Firefox/29.0,Firefox,29,81ca472c-a0a9-45b6-b343-00abb7b20195
1480895575681400833,static,1598,,46.27.28.87,200,ES,ESP,Spain,Other,js,40.0,-4.0,GET,Windows,,HTTP/1.1,,http://demo.gethue.com/,,GET /static/ext/js/routie-0.3.0.min.js HTTP/1.1,ext,2014-05-04T07:46:43Z,/static/ext/js/routie-0.3.0.min.js,Mozilla/5.0 (Windows NT 6.3; WOW64; rv:29.0) Gecko/20100101 Firefox/29.0,Firefox,29,f890afce-26d6-4921-ba25-a331e5648950
1480895575681400834,static,1257,,46.27.28.87,200,ES,ESP,Spain,Other,png,40.0,-4.0,GET,Windows,,HTTP/1.1,,http://demo.gethue.com/,,GET /static/art/hue-logo-mini-white.png HTTP/1.1,art,2014-05-04T07:46:43Z,/static/art/hue-logo-mini-white.png,Mozilla/5.0 (Windows NT 6.3; WOW64; rv:29.0) Gecko/20100101 Firefox/29.0,Firefox,29,f5b0d2e5-cfd5-4353-a9a9-58dd4f441373
1480895575681400835,rdbms,1112,,46.27.28.87,200,ES,ESP,Spain,Other,png,40.0,-4.0,GET,Windows,,HTTP/1.1,,http://demo.gethue.com/,,GET /rdbms/static/art/icon_rdbms_24.png HTTP/1.1,static,2014-05-04T07:46:43Z,/rdbms/static/art/icon_rdbms_24.png,Mozilla/5.0 (Windows NT 6.3; WOW64; rv:29.0) Gecko/20100101 Firefox/29.0,Firefox,29,26486fd0-fb7a-44e5-ab75-29251454061d
1480895575681400836,pig,1651,,46.27.28.87,200,ES,ESP,Spain,Other,png,40.0,-4.0,GET,Windows,,HTTP/1.1,,http://demo.gethue.com/,,GET /pig/static/art/icon_pig_24.png HTTP/1.1,static,2014-05-04T07:46:43Z,/pig/static/art/icon_pig_24.png,Mozilla/5.0 (Windows NT 6.3; WOW64; rv:29.0) Gecko/20100101 Firefox/29.0,Firefox,29,d6b8ee04-ca7f-4521-a7cf-3bcd1508a4bd
1480895575682449408,jobsub,1157,,46.27.28.87,200,ES,ESP,Spain,Other,png,40.0,-4.0,GET,Windows,,HTTP/1.1,,http://demo.gethue.com/,,GET /jobsub/static/art/icon_jobsub_24.png HTTP/1.1,static,2014-05-04T07:46:43Z,/jobsub/static/art/icon_jobsub_24.png,Mozilla/5.0 (Windows NT 6.3; WOW64; rv:29.0) Gecko/20100101 Firefox/29.0,Firefox,29,3c089d8e-7194-40ac-93bb-b9c590904ced
1480895575682449409,hbase,595,,46.27.28.87,200,ES,ESP,Spain,Other,png,40.0,-4.0,GET,Windows,,HTTP/1.1,,http://demo.gethue.com/,,GET /hbase/static/art/icon_24.png HTTP/1.1,static,2014-05-04T07:46:43Z,/hbase/static/art/icon_24.png,Mozilla/5.0 (Windows NT 6.3; WOW64; rv:29.0) Gecko/20100101 Firefox/29.0,Firefox,29,bd931860-788a-476c-be30-cefb056f75e3
1480895575682449410,zookeeper,1042,,46.27.28.87,200,ES,ESP,Spain,Other,png,40.0,-4.0,GET,Windows,,HTTP/1.1,,http://demo.gethue.com/,,GET /zookeeper/static/art/icon_24.png HTTP/1.1,static,2014-05-04T07:46:43Z,/zookeeper/static/art/icon_24.png,Mozilla/5.0 (Windows NT 6.3; WOW64; rv:29.0) Gecko/20100101 Firefox/29.0,Firefox,29,45dabcf2-0adc-41af-a439-85a194926f1c
1480895575682449411,sqoop,1180,,46.27.28.87,200,ES,ESP,Spain,Other,png,40.0,-4.0,GET,Windows,,HTTP/1.1,,http://demo.gethue.com/,,GET /sqoop/static/art/icon_sqoop_24.png HTTP/1.1,static,2014-05-04T07:46:43Z,/sqoop/static/art/icon_sqoop_24.png,Mozilla/5.0 (Windows NT 6.3; WOW64; rv:29.0) Gecko/20100101 Firefox/29.0,Firefox,29,0463da6a-3898-4970-a55b-4f9251e9356e
1480895575683497984,metastore,839,,46.27.28.87,200,ES,ESP,Spain,Other,png,40.0,-4.0,GET,Windows,,HTTP/1.1,,http://demo.gethue.com/,,GET /metastore/static/art/icon_metastore_24.png HTTP/1.1,static,2014-05-04T07:46:43Z,/metastore/static/art/icon_metastore_24.png,Mozilla/5.0 (Windows NT 6.3; WOW64; rv:29.0) Gecko/20100101 Firefox/29.0,Firefox,29,0d0b80f9-ea56-41a2-b19e-fb4f999a8070
1480895575683497985,static,44811,,46.27.28.87,200,ES,ESP,Spain,Other,3,40.0,-4.0,GET,Windows,,HTTP/1.1,,http://demo.gethue.com/static/ext/css/font-awesome.min.css,,GET /static/ext/fonts/fontawesome-webfont.woff?v=4.0.3 HTTP/1.1,ext,2014-05-04T07:46:43Z,/static/ext/fonts/fontawesome-webfont.woff?v=4.0.3,Mozilla/5.0 (Windows NT 6.3; WOW64; rv:29.0) Gecko/20100101 Firefox/29.0,Firefox,29,a181fa78-9832-4cd5-84d8-778a1db9abe6
1480895575683497986,oozie,993,,46.27.28.87,200,ES,ESP,Spain,Other,png,40.0,-4.0,GET,Windows,,HTTP/1.1,,http://demo.gethue.com/,,GET /oozie/static/art/icon_oozie_editor_24.png HTTP/1.1,static,2014-05-04T07:46:43Z,/oozie/static/art/icon_oozie_editor_24.png,Mozilla/5.0 (Windows NT 6.3; WOW64; rv:29.0) Gecko/20100101 Firefox/29.0,Firefox,29,aa94cfcc-4e8c-40a0-b21d-b8f63ff8da6c
1480895575683497987,oozie,1048,,46.27.28.87,200,ES,ESP,Spain,Other,png,40.0,-4.0,GET,Windows,,HTTP/1.1,,http://demo.gethue.com/,,GET /oozie/static/art/icon_oozie_dashboard_24.png HTTP/1.1,static,2014-05-04T07:46:43Z,/oozie/static/art/icon_oozie_dashboard_24.png,Mozilla/5.0 (Windows NT 6.3; WOW64; rv:29.0) Gecko/20100101 Firefox/29.0,Firefox,29,d4907a88-ff5c-46f8-a835-2d44087234c8
1480895575684546560,search,825,,46.27.28.87,200,ES,ESP,Spain,Other,png,40.0,-4.0,GET,Windows,,HTTP/1.1,,http://demo.gethue.com/,,GET /search/static/art/icon_twitter.png HTTP/1.1,static,2014-05-04T07:46:43Z,/search/static/art/icon_twitter.png,Mozilla/5.0 (Windows NT 6.3; WOW64; rv:29.0) Gecko/20100101 Firefox/29.0,Firefox,29,0aebc9d5-e840-4bdb-a821-a945a8a910d2
1480895575684546561,jobbrowser,343,,46.27.28.87,200,ES,ESP,Spain,Other,,40.0,-4.0,GET,Windows,,HTTP/1.1,,http://demo.gethue.com/,,GET /jobbrowser/?format=json&amp;state=running&amp;user=6ijz1w2 HTTP/1.1,,2014-05-04T07:46:43Z,/jobbrowser/?format=json&amp;state=running&amp;user=6ijz1w2,Mozilla/5.0 (Windows NT 6.3; WOW64; rv:29.0) Gecko/20100101 Firefox/29.0,Firefox,29,2669b6b1-e43d-4ebf-9fc8-c2a35e43481b
1480895575684546562,search,967,,46.27.28.87,200,ES,ESP,Spain,Other,png,40.0,-4.0,GET,Windows,,HTTP/1.1,,http://demo.gethue.com/,,GET /search/static/art/icon_yelp.png HTTP/1.1,static,2014-05-04T07:46:43Z,/search/static/art/icon_yelp.png,Mozilla/5.0 (Windows NT 6.3; WOW64; rv:29.0) Gecko/20100101 Firefox/29.0,Firefox,29,9e93219e-5598-4386-bb6b-d29e535146c5
1480895575684546563,search,771,,46.27.28.87,200,ES,ESP,Spain,Other,png,40.0,-4.0,GET,Windows,,HTTP/1.1,,http://demo.gethue.com/,,GET /search/static/art/icon_logs.png HTTP/1.1,static,2014-05-04T07:46:43Z,/search/static/art/icon_logs.png,Mozilla/5.0 (Windows NT 6.3; WOW64; rv:29.0) Gecko/20100101 Firefox/29.0,Firefox,29,a37065bd-7ac5-4e02-80df-545006e32609
1480895575684546564,static,831,,46.27.28.87,200,ES,ESP,Spain,Other,png,40.0,-4.0,GET,Windows,,HTTP/1.1,,http://demo.gethue.com/,,GET /static/art/home.png HTTP/1.1,art,2014-05-04T07:46:43Z,/static/art/home.png,Mozilla/5.0 (Windows NT 6.3; WOW64; rv:29.0) Gecko/20100101 Firefox/29.0,Firefox,29,15c4757e-b54e-4362-9249-2a42155d3d8e
1480895575685595136,oozie,940,,46.27.28.87,200,ES,ESP,Spain,Other,png,40.0,-4.0,GET,Windows,,HTTP/1.1,,http://demo.gethue.com/,,GET /oozie/static/art/icon_oozie_24.png HTTP/1.1,static,2014-05-04T07:46:43Z,/oozie/static/art/icon_oozie_24.png,Mozilla/5.0 (Windows NT 6.3; WOW64; rv:29.0) Gecko/20100101 Firefox/29.0,Firefox,29,ff945be2-118a-413c-9026-4615e65305c3
1480895575685595137,oozie,1047,,46.27.28.87,200,ES,ESP,Spain,Other,png,40.0,-4.0,GET,Windows,,HTTP/1.1,,http://demo.gethue.com/,,GET /oozie/static/art/icon_oozie_workflow_24.png HTTP/1.1,static,2014-05-04T07:46:43Z,/oozie/static/art/icon_oozie_workflow_24.png,Mozilla/5.0 (Windows NT 6.3; WOW64; rv:29.0) Gecko/20100101 Firefox/29.0,Firefox,29,e6de7b77-5d1e-4a06-b66e-3fb8d575b761
1480895575685595138,oozie,1059,,46.27.28.87,200,ES,ESP,Spain,Other,png,40.0,-4.0,GET,Windows,,HTTP/1.1,,http://demo.gethue.com/,,GET /oozie/static/art/icon_oozie_coordinator_24.png HTTP/1.1,static,2014-05-04T07:46:43Z,/oozie/static/art/icon_oozie_coordinator_24.png,Mozilla/5.0 (Windows NT 6.3; WOW64; rv:29.0) Gecko/20100101 Firefox/29.0,Firefox,29,e82b6414-b32d-4f8c-9943-f686dc4952df
1480895575685595139,oozie,1028,,46.27.28.87,200,ES,ESP,Spain,Other,png,40.0,-4.0,GET,Windows,,HTTP/1.1,,http://demo.gethue.com/,,GET /oozie/static/art/icon_oozie_bundle_24.png HTTP/1.1,static,2014-05-04T07:46:43Z,/oozie/static/art/icon_oozie_bundle_24.png,Mozilla/5.0 (Windows NT 6.3; WOW64; rv:29.0) Gecko/20100101 Firefox/29.0,Firefox,29,03def492-03e3-4f77-8aa8-196730d1406e
1480895575685595140,static,594,,46.27.28.87,200,ES,ESP,Spain,Other,png,40.0,-4.0,GET,Windows,,HTTP/1.1,,http://demo.gethue.com/static/css/hue3.css,,GET /static/art/datatables/sort_both.png HTTP/1.1,art,2014-05-04T07:46:43Z,/static/art/datatables/sort_both.png,Mozilla/5.0 (Windows NT 6.3; WOW64; rv:29.0) Gecko/20100101 Firefox/29.0,Firefox,29,09187416-f6ed-443e-8e6e-4c776ec4afd0
1480895575685595141,static,655,,46.27.28.87,200,ES,ESP,Spain,Other,png,40.0,-4.0,GET,Windows,,HTTP/1.1,,http://demo.gethue.com/static/css/hue3.css,,GET /static/art/datatables/sort_desc.png HTTP/1.1,art,2014-05-04T07:46:43Z,/static/art/datatables/sort_desc.png,Mozilla/5.0 (Windows NT 6.3; WOW64; rv:29.0) Gecko/20100101 Firefox/29.0,Firefox,29,e446598e-cbdc-43d2-954e-e9dd5fc5790f
1480895575685595142,favicon.ico,1478,,46.27.28.87,200,ES,ESP,Spain,Other,ico,40.0,-4.0,GET,Windows,,HTTP/1.1,,-,,GET /favicon.ico HTTP/1.1,,2014-05-04T07:46:44Z,/favicon.ico,Mozilla/5.0 (Windows NT 6.3; WOW64; rv:29.0) Gecko/20100101 Firefox/29.0,Firefox,29,374a0113-f18f-4673-a743-1511f39e0e3c
1480895575686643712,desktop,8981180,,46.27.28.87,200,ES,ESP,Spain,Other,,40.0,-4.0,GET,Windows,,HTTP/1.1,,http://demo.gethue.com/,,GET /desktop/api/users/autocomplete HTTP/1.1,api,2014-05-04T07:46:43Z,/desktop/api/users/autocomplete,Mozilla/5.0 (Windows NT 6.3; WOW64; rv:29.0) Gecko/20100101 Firefox/29.0,Firefox,29,95e8d537-fdd8-4ae8-9e75-7df49b37ab6d
1480895575686643713,jobbrowser,343,,46.27.28.87,200,ES,ESP,Spain,Other,,40.0,-4.0,GET,Windows,,HTTP/1.1,,http://demo.gethue.com/,,GET /jobbrowser/?format=json&amp;state=running&amp;user=6ijz1w2 HTTP/1.1,,2014-05-04T07:47:13Z,/jobbrowser/?format=json&amp;state=running&amp;user=6ijz1w2,Mozilla/5.0 (Windows NT 6.3; WOW64; rv:29.0) Gecko/20100101 Firefox/29.0,Firefox,29,9741d194-60ab-410f-8764-4cd3d694dc60
1480895575686643714,static,204,Charlotte,143.165.48.50,304,US,USA,United States,Other,js,35.2271,-80.8431,GET,Other,,HTTP/1.1,,-,NC,GET /static/js/jquery.rowselector.js HTTP/1.1,js,2014-05-04T07:47:20Z,/static/js/jquery.rowselector.js,Mozilla/4.0 (compatible;),Other,,463f680d-bfc2-4fc6-8300-5ba799622315
1480895575686643715,jobbrowser,344,,46.27.28.87,200,ES,ESP,Spain,Other,,40.0,-4.0,GET,Windows,,HTTP/1.1,,http://demo.gethue.com/,,GET /jobbrowser/?format=json&amp;state=running&amp;user=6ijz1w2 HTTP/1.1,,2014-05-04T07:47:44Z,/jobbrowser/?format=json&amp;state=running&amp;user=6ijz1w2,Mozilla/5.0 (Windows NT 6.3; WOW64; rv:29.0) Gecko/20100101 Firefox/29.0,Firefox,29,ee804382-f64d-4e93-8927-d0550a7e0339
1480895575686643716,jobbrowser,344,,46.27.28.87,200,ES,ESP,Spain,Other,,40.0,-4.0,GET,Windows,,HTTP/1.1,,http://demo.gethue.com/,,GET /jobbrowser/?format=json&amp;state=running&amp;user=6ijz1w2 HTTP/1.1,,2014-05-04T07:48:14Z,/jobbrowser/?format=json&amp;state=running&amp;user=6ijz1w2,Mozilla/5.0 (Windows NT 6.3; WOW64; rv:29.0) Gecko/20100101 Firefox/29.0,Firefox,29,f445f53a-69b6-421a-bfc6-382812238feb
1480895575686643717,jobbrowser,344,,46.27.28.87,200,ES,ESP,Spain,Other,,40.0,-4.0,GET,Windows,,HTTP/1.1,,http://demo.gethue.com/,,GET /jobbrowser/?format=json&amp;state=running&amp;user=6ijz1w2 HTTP/1.1,,2014-05-04T07:48:44Z,/jobbrowser/?format=json&amp;state=running&amp;user=6ijz1w2,Mozilla/5.0 (Windows NT 6.3; WOW64; rv:29.0) Gecko/20100101 Firefox/29.0,Firefox,29,69dd2cb8-db12-4eae-81fb-e17a70045666
1480895575686643718,accounts,513,,46.27.28.87,302,ES,ESP,Spain,Other,,40.0,-4.0,GET,Windows,,HTTP/1.1,,http://demo.gethue.com/,,GET /accounts/logout/ HTTP/1.1,logout,2014-05-04T07:49:03Z,/accounts/logout/,Mozilla/5.0 (Windows NT 6.3; WOW64; rv:29.0) Gecko/20100101 Firefox/29.0,Firefox,29,d7d1e14a-f6c8-4f45-b29e-e1ed5c54c8e8
1480895575687692288,,401,,46.27.28.87,302,ES,ESP,Spain,Other,,40.0,-4.0,GET,Windows,,HTTP/1.1,,http://demo.gethue.com/,,GET / HTTP/1.1,,2014-05-04T07:49:03Z,/,Mozilla/5.0 (Windows NT 6.3; WOW64; rv:29.0) Gecko/20100101 Firefox/29.0,Firefox,29,3d880db5-1bf8-4af4-b938-ffcdafc8138a
1480895575687692289,accounts,520,,46.27.28.87,302,ES,ESP,Spain,Other,,40.0,-4.0,GET,Windows,,HTTP/1.1,,http://demo.gethue.com/,,GET /accounts/login/?next=/ HTTP/1.1,login,2014-05-04T07:49:03Z,/accounts/login/?next=/,Mozilla/5.0 (Windows NT 6.3; WOW64; rv:29.0) Gecko/20100101 Firefox/29.0,Firefox,29,b4091611-6f10-47fa-9eeb-eb69dbce2e99
1480895575687692290,,16508,,46.27.28.87,200,ES,ESP,Spain,Other,,40.0,-4.0,GET,Windows,,HTTP/1.1,,http://demo.gethue.com/,,GET / HTTP/1.1,,2014-05-04T07:49:03Z,/,Mozilla/5.0 (Windows NT 6.3; WOW64; rv:29.0) Gecko/20100101 Firefox/29.0,Firefox,29,c8a1950d-a51c-4073-bdfc-690219459477
1480895575687692291,static,21100,,46.27.28.87,200,ES,ESP,Spain,Other,css,40.0,-4.0,GET,Windows,,HTTP/1.1,,http://demo.gethue.com/,,GET /static/ext/css/bootplus.css HTTP/1.1,ext,2014-05-04T07:49:04Z,/static/ext/css/bootplus.css,Mozilla/5.0 (Windows NT 6.3; WOW64; rv:29.0) Gecko/20100101 Firefox/29.0,Firefox,29,78818a52-51f2-48a6-895c-548f8b2a7bd7
1480895575687692292,static,4519,,46.27.28.87,200,ES,ESP,Spain,Other,css,40.0,-4.0,GET,Windows,,HTTP/1.1,,http://demo.gethue.com/,,GET /static/ext/css/font-awesome.min.css HTTP/1.1,ext,2014-05-04T07:49:04Z,/static/ext/css/font-awesome.min.css,Mozilla/5.0 (Windows NT 6.3; WOW64; rv:29.0) Gecko/20100101 Firefox/29.0,Firefox,29,b7d4a362-d805-4a30-9632-e7a16faac17b
1480895575687692293,static,6876,,46.27.28.87,200,ES,ESP,Spain,Other,css,40.0,-4.0,GET,Windows,,HTTP/1.1,,http://demo.gethue.com/,,GET /static/css/hue3.css HTTP/1.1,css,2014-05-04T07:49:04Z,/static/css/hue3.css,Mozilla/5.0 (Windows NT 6.3; WOW64; rv:29.0) Gecko/20100101 Firefox/29.0,Firefox,29,4687f800-8002-49bd-b1ba-54166c587e76
1480895575687692294,static,1394,,46.27.28.87,200,ES,ESP,Spain,Other,css,40.0,-4.0,GET,Windows,,HTTP/1.1,,http://demo.gethue.com/,,GET /static/ext/css/fileuploader.css HTTP/1.1,ext,2014-05-04T07:49:04Z,/static/ext/css/fileuploader.css,Mozilla/5.0 (Windows NT 6.3; WOW64; rv:29.0) Gecko/20100101 Firefox/29.0,Firefox,29,cf6b727e-b20d-4b50-aa32-8a3c008c9a44
1480895575688740864,static,1253,,46.27.28.87,200,ES,ESP,Spain,Other,js,40.0,-4.0,GET,Windows,,HTTP/1.1,,http://demo.gethue.com/,,GET /static/js/hue.utils.js HTTP/1.1,js,2014-05-04T07:49:04Z,/static/js/hue.utils.js,Mozilla/5.0 (Windows NT 6.3; WOW64; rv:29.0) Gecko/20100101 Firefox/29.0,Firefox,29,d0fa42b0-23e8-4073-b888-b1fbd0323117
1480895575688740865,static,29733,,46.27.28.87,200,ES,ESP,Spain,Other,js,40.0,-4.0,GET,Windows,,HTTP/1.1,,http://demo.gethue.com/,,GET /static/ext/js/jquery/jquery-2.0.2.min.js HTTP/1.1,ext,2014-05-04T07:49:04Z,/static/ext/js/jquery/jquery-2.0.2.min.js,Mozilla/5.0 (Windows NT 6.3; WOW64; rv:29.0) Gecko/20100101 Firefox/29.0,Firefox,29,f9db8b0c-8410-4089-a52d-33cfb50667f4
1480895575688740866,static,2145,,46.27.28.87,200,ES,ESP,Spain,Other,js,40.0,-4.0,GET,Windows,,HTTP/1.1,,http://demo.gethue.com/,,GET /static/js/jquery.migration.js HTTP/1.1,js,2014-05-04T07:49:04Z,/static/js/jquery.migration.js,Mozilla/5.0 (Windows NT 6.3; WOW64; rv:29.0) Gecko/20100101 Firefox/29.0,Firefox,29,de2cb405-8486-473c-97c2-050dbce0919e
1480895575688740867,static,4014,,46.27.28.87,200,ES,ESP,Spain,Other,js,40.0,-4.0,GET,Windows,,HTTP/1.1,,http://demo.gethue.com/,,GET /static/js/jquery.filechooser.js HTTP/1.1,js,2014-05-04T07:49:04Z,/static/js/jquery.filechooser.js,Mozilla/5.0 (Windows NT 6.3; WOW64; rv:29.0) Gecko/20100101 Firefox/29.0,Firefox,29,1cadb9a6-1d5c-42df-a725-afbdbbe8878b
1480895575688740868,static,2357,,46.27.28.87,200,ES,ESP,Spain,Other,js,40.0,-4.0,GET,Windows,,HTTP/1.1,,http://demo.gethue.com/,,GET /static/js/jquery.selector.js HTTP/1.1,js,2014-05-04T07:49:04Z,/static/js/jquery.selector.js,Mozilla/5.0 (Windows NT 6.3; WOW64; rv:29.0) Gecko/20100101 Firefox/29.0,Firefox,29,b2ac7f4a-a4eb-423b-b8f3-14275d3644b9
1480895575688740869,static,1381,,46.27.28.87,200,ES,ESP,Spain,Other,js,40.0,-4.0,GET,Windows,,HTTP/1.1,,http://demo.gethue.com/,,GET /static/js/jquery.delayedinput.js HTTP/1.1,js,2014-05-04T07:49:04Z,/static/js/jquery.delayedinput.js,Mozilla/5.0 (Windows NT 6.3; WOW64; rv:29.0) Gecko/20100101 Firefox/29.0,Firefox,29,199dd92d-2ac8-4922-90ef-89b51504bbbc
1480895575688740870,static,1396,,46.27.28.87,200,ES,ESP,Spain,Other,js,40.0,-4.0,GET,Windows,,HTTP/1.1,,http://demo.gethue.com/,,GET /static/js/jquery.rowselector.js HTTP/1.1,js,2014-05-04T07:49:04Z,/static/js/jquery.rowselector.js,Mozilla/5.0 (Windows NT 6.3; WOW64; rv:29.0) Gecko/20100101 Firefox/29.0,Firefox,29,30a9ad87-3f6e-4581-8abc-36b3b02dc242
1480895575689789440,static,1778,,46.27.28.87,200,ES,ESP,Spain,Other,js,40.0,-4.0,GET,Windows,,HTTP/1.1,,http://demo.gethue.com/,,GET /static/js/jquery.notify.js HTTP/1.1,js,2014-05-04T07:49:04Z,/static/js/jquery.notify.js,Mozilla/5.0 (Windows NT 6.3; WOW64; rv:29.0) Gecko/20100101 Firefox/29.0,Firefox,29,8826f02a-fc76-47c4-9d7c-0dd3e141c907
1480895575689789441,static,1250,,46.27.28.87,200,ES,ESP,Spain,Other,js,40.0,-4.0,GET,Windows,,HTTP/1.1,,http://demo.gethue.com/,,GET /static/js/jquery.titleupdater.js HTTP/1.1,js,2014-05-04T07:49:04Z,/static/js/jquery.titleupdater.js,Mozilla/5.0 (Windows NT 6.3; WOW64; rv:29.0) Gecko/20100101 Firefox/29.0,Firefox,29,09da727a-8974-4422-adce-c97bbaf000ee
1480895575689789442,static,2031,,46.27.28.87,200,ES,ESP,Spain,Other,js,40.0,-4.0,GET,Windows,,HTTP/1.1,,http://demo.gethue.com/,,GET /static/js/jquery.tablescroller.js HTTP/1.1,js,2014-05-04T07:49:04Z,/static/js/jquery.tablescroller.js,Mozilla/5.0 (Windows NT 6.3; WOW64; rv:29.0) Gecko/20100101 Firefox/29.0,Firefox,29,66523c0a-d419-4c94-8c34-097e642addc8
1480895575689789443,static,2961,,46.27.28.87,200,ES,ESP,Spain,Other,js,40.0,-4.0,GET,Windows,,HTTP/1.1,,http://demo.gethue.com/,,GET /static/js/jquery.tableextender.js HTTP/1.1,js,2014-05-04T07:49:04Z,/static/js/jquery.tableextender.js,Mozilla/5.0 (Windows NT 6.3; WOW64; rv:29.0) Gecko/20100101 Firefox/29.0,Firefox,29,2a337867-6cfa-4fbb-bce8-d5294c19f1d6
1480895575689789444,static,1888,,46.27.28.87,200,ES,ESP,Spain,Other,js,40.0,-4.0,GET,Windows,,HTTP/1.1,,http://demo.gethue.com/,,GET /static/js/jquery.scrollup.js HTTP/1.1,js,2014-05-04T07:49:04Z,/static/js/jquery.scrollup.js,Mozilla/5.0 (Windows NT 6.3; WOW64; rv:29.0) Gecko/20100101 Firefox/29.0,Firefox,29,39526021-ac0c-4a79-9ad6-296ad26d748b
1480895575689789445,static,5893,,46.27.28.87,200,ES,ESP,Spain,Other,js,40.0,-4.0,GET,Windows,,HTTP/1.1,,http://demo.gethue.com/,,GET /static/js/jquery.tour.js HTTP/1.1,js,2014-05-04T07:49:04Z,/static/js/jquery.tour.js,Mozilla/5.0 (Windows NT 6.3; WOW64; rv:29.0) Gecko/20100101 Firefox/29.0,Firefox,29,2447834b-a387-43af-8f4a-d88003da3a58
1480895575689789446,static,1279,,46.27.28.87,200,ES,ESP,Spain,Other,js,40.0,-4.0,GET,Windows,,HTTP/1.1,,http://demo.gethue.com/,,GET /static/ext/js/jquery/plugins/jquery.cookie.js HTTP/1.1,ext,2014-05-04T07:49:04Z,/static/ext/js/jquery/plugins/jquery.cookie.js,Mozilla/5.0 (Windows NT 6.3; WOW64; rv:29.0) Gecko/20100101 Firefox/29.0,Firefox,29,22a512a8-5da9-47f8-9bb3-5d67b24b7bd3
1480895575689789447,static,1445,,46.27.28.87,200,ES,ESP,Spain,Other,js,40.0,-4.0,GET,Windows,,HTTP/1.1,,http://demo.gethue.com/,,GET /static/ext/js/jquery/plugins/jquery.total-storage.min.js HTTP/1.1,ext,2014-05-04T07:49:04Z,/static/ext/js/jquery/plugins/jquery.total-storage.min.js,Mozilla/5.0 (Windows NT 6.3; WOW64; rv:29.0) Gecko/20100101 Firefox/29.0,Firefox,29,b1f8a07f-a035-4b53-942e-5a6160850133
1480895575690838016,static,1332,,46.27.28.87,200,ES,ESP,Spain,Other,js,40.0,-4.0,GET,Windows,,HTTP/1.1,,http://demo.gethue.com/,,GET /static/ext/js/jquery/plugins/jquery.placeholder.min.js HTTP/1.1,ext,2014-05-04T07:49:04Z,/static/ext/js/jquery/plugins/jquery.placeholder.min.js,Mozilla/5.0 (Windows NT 6.3; WOW64; rv:29.0) Gecko/20100101 Firefox/29.0,Firefox,29,bb2a28b1-59f4-4c36-8268-ccd74f5474c4
1480895575690838017,static,19944,,46.27.28.87,200,ES,ESP,Spain,Other,js,40.0,-4.0,GET,Windows,,HTTP/1.1,,http://demo.gethue.com/,,GET /static/ext/js/jquery/plugins/jquery.dataTables.1.8.2.min.js HTTP/1.1,ext,2014-05-04T07:49:04Z,/static/ext/js/jquery/plugins/jquery.dataTables.1.8.2.min.js,Mozilla/5.0 (Windows NT 6.3; WOW64; rv:29.0) Gecko/20100101 Firefox/29.0,Firefox,29,36646b4d-f2de-4077-967a-3f5e3d477c2a
1480895575690838018,static,1055,,46.27.28.87,200,ES,ESP,Spain,Other,js,40.0,-4.0,GET,Windows,,HTTP/1.1,,http://demo.gethue.com/,,GET /static/js/jquery.datatables.sorting.js HTTP/1.1,js,2014-05-04T07:49:04Z,/static/js/jquery.datatables.sorting.js,Mozilla/5.0 (Windows NT 6.3; WOW64; rv:29.0) Gecko/20100101 Firefox/29.0,Firefox,29,6bdf4e89-136f-4ac3-b22e-71dfa641c179
1480895575690838019,static,7261,,46.27.28.87,200,ES,ESP,Spain,Other,js,40.0,-4.0,GET,Windows,,HTTP/1.1,,http://demo.gethue.com/,,GET /static/ext/js/bootstrap.min.js HTTP/1.1,ext,2014-05-04T07:49:04Z,/static/ext/js/bootstrap.min.js,Mozilla/5.0 (Windows NT 6.3; WOW64; rv:29.0) Gecko/20100101 Firefox/29.0,Firefox,29,b380adf0-303d-49f1-ae0f-d4dd384c41e9
1480895575690838020,static,10452,,46.27.28.87,200,ES,ESP,Spain,Other,js,40.0,-4.0,GET,Windows,,HTTP/1.1,,http://demo.gethue.com/,,GET /static/ext/js/fileuploader.js HTTP/1.1,ext,2014-05-04T07:49:04Z,/static/ext/js/fileuploader.js,Mozilla/5.0 (Windows NT 6.3; WOW64; rv:29.0) Gecko/20100101 Firefox/29.0,Firefox,29,7495ab39-8d40-42e9-835d-73cbcea6a0ea
1480895575690838021,static,1423,,46.27.28.87,200,ES,ESP,Spain,Other,js,40.0,-4.0,GET,Windows,,HTTP/1.1,,http://demo.gethue.com/,,GET /static/js/popover-extra-placements.js HTTP/1.1,js,2014-05-04T07:49:04Z,/static/js/popover-extra-placements.js,Mozilla/5.0 (Windows NT 6.3; WOW64; rv:29.0) Gecko/20100101 Firefox/29.0,Firefox,29,366b98c9-ad5b-4b6b-8930-a6c79cb81886
1480895575690838022,static,1536,,46.27.28.87,200,ES,ESP,Spain,Other,js,40.0,-4.0,GET,Windows,,HTTP/1.1,,http://demo.gethue.com/,,GET /static/ext/js/datatables-paging-0.1.js HTTP/1.1,ext,2014-05-04T07:49:05Z,/static/ext/js/datatables-paging-0.1.js,Mozilla/5.0 (Windows NT 6.3; WOW64; rv:29.0) Gecko/20100101 Firefox/29.0,Firefox,29,a7433073-b863-40c1-9dcb-c3585db21843
1480895575691886592,static,1628,,46.27.28.87,200,ES,ESP,Spain,Other,js,40.0,-4.0,GET,Windows,,HTTP/1.1,,http://demo.gethue.com/,,GET /static/ext/js/routie-0.3.0.min.js HTTP/1.1,ext,2014-05-04T07:49:05Z,/static/ext/js/routie-0.3.0.min.js,Mozilla/5.0 (Windows NT 6.3; WOW64; rv:29.0) Gecko/20100101 Firefox/29.0,Firefox,29,7fe15916-b202-45e0-9196-b9e9e06aaee6
1480895575691886593,jobbrowser,343,,46.27.28.87,200,ES,ESP,Spain,Other,,40.0,-4.0,GET,Windows,,HTTP/1.1,,http://demo.gethue.com/,,GET /jobbrowser/?format=json&amp;state=running&amp;user=m6wn9fz HTTP/1.1,,2014-05-04T07:49:05Z,/jobbrowser/?format=json&amp;state=running&amp;user=m6wn9fz,Mozilla/5.0 (Windows NT 6.3; WOW64; rv:29.0) Gecko/20100101 Firefox/29.0,Firefox,29,05a07fec-a35b-4aee-b642-a35ba3054ad2
1480895575691886594,favicon.ico,1478,,46.27.28.87,200,ES,ESP,Spain,Other,ico,40.0,-4.0,GET,Windows,,HTTP/1.1,,-,,GET /favicon.ico HTTP/1.1,,2014-05-04T07:49:05Z,/favicon.ico,Mozilla/5.0 (Windows NT 6.3; WOW64; rv:29.0) Gecko/20100101 Firefox/29.0,Firefox,29,7a9881d6-4a5e-49e2-b0f0-b57d9561359e
1480895575691886595,,318,Ashburn,54.227.93.32,302,US,USA,United States,Other,,39.0437,-77.4875,GET,Windows XP,,HTTP/1.1,,-,VA,GET / HTTP/1.1,,2014-05-04T07:49:06Z,/,"Mozilla/5.0 (Windows; U; Windows NT 5.1; zh-CN) AppleWebKit/523.15 (KHTML, like Gecko, Safari/419.3) Arora/0.3 (Change: 287 c9dfb30)",Arora,0,3b24a891-8b28-4c02-ba3d-41bee449d774
1480895575691886596,,304,Ashburn,54.227.93.32,302,US,USA,United States,Other,,39.0437,-77.4875,GET,Windows 2000,,HTTP/1.1,,-,VA,GET / HTTP/1.1,,2014-05-04T07:49:07Z,/,Mozilla/4.7 (compatible; OffByOne; Windows 2000),Other,,c8954402-a020-45e1-80a9-ca46c288ac86
1480895575691886597,accounts,423,Ashburn,54.227.93.32,302,US,USA,United States,Other,,39.0437,-77.4875,GET,Windows XP,,HTTP/1.1,,-,VA,GET /accounts/login/?next=/ HTTP/1.1,login,2014-05-04T07:49:06Z,/accounts/login/?next=/,"Mozilla/5.0 (Windows; U; Windows NT 5.1; zh-CN) AppleWebKit/523.15 (KHTML, like Gecko, Safari/419.3) Arora/0.3 (Change: 287 c9dfb30)",Arora,0,af12ac9b-1315-4365-9eb1-02a18ae6a71c
1480895575691886598,,318,Ashburn,54.227.93.32,302,US,USA,United States,Other,,39.0437,-77.4875,GET,Windows XP,,HTTP/1.1,,-,VA,GET / HTTP/1.1,,2014-05-04T07:49:09Z,/,"Mozilla/5.0 (Windows; U; Windows NT 5.1; zh-CN) AppleWebKit/523.15 (KHTML, like Gecko, Safari/419.3) Arora/0.3 (Change: 287 c9dfb30)",Arora,0,06de2aac-480b-4f7a-a1c2-425bb22994de
1480895575691886599,,304,Ashburn,54.227.93.32,302,US,USA,United States,Other,,39.0437,-77.4875,GET,Windows 98,,HTTP/1.1,,-,VA,GET / HTTP/1.1,,2014-05-04T07:49:10Z,/,Mozilla/4.7 (compatible; OffByOne; Windows 98),Other,,64aa9540-df80-4cc6-ba96-8aff3206ba18
1480895575692935168,accounts,423,Ashburn,54.227.93.32,302,US,USA,United States,Other,,39.0437,-77.4875,GET,Windows 2000,,HTTP/1.1,,-,VA,GET /accounts/login/?next=/ HTTP/1.1,login,2014-05-04T07:49:07Z,/accounts/login/?next=/,Mozilla/4.7 (compatible; OffByOne; Windows 2000),Other,,b58d8120-ef53-4e91-81b1-433ec90f2a49
1480895575692935169,,318,Ashburn,54.227.93.32,302,US,USA,United States,Other,,39.0437,-77.4875,GET,Windows 2000,,HTTP/1.1,,-,VA,GET / HTTP/1.1,,2014-05-04T07:49:10Z,/,Mozilla/4.7 (compatible; OffByOne; Windows 2000),Other,,e340345c-7a32-4b14-a5ce-9c0224a6c866
1480895575692935170,accounts,423,Ashburn,54.227.93.32,302,US,USA,United States,Other,,39.0437,-77.4875,GET,Windows 98,,HTTP/1.1,,-,VA,GET /accounts/login/?next=/ HTTP/1.1,login,2014-05-04T07:49:10Z,/accounts/login/?next=/,Mozilla/4.7 (compatible; OffByOne; Windows 98),Other,,20f0afb2-3e75-4e8f-8098-5eb7f51803fc
1480895575692935171,,318,Ashburn,54.227.93.32,302,US,USA,United States,Other,,39.0437,-77.4875,GET,Windows 98,,HTTP/1.1,,-,VA,GET / HTTP/1.1,,2014-05-04T07:49:10Z,/,Mozilla/4.7 (compatible; OffByOne; Windows 98),Other,,945d9d56-92d5-41fa-99cc-c964a1c4fcd5
1480895575692935172,accounts,423,Ashburn,54.227.93.32,302,US,USA,United States,Other,,39.0437,-77.4875,GET,Windows 98,,HTTP/1.1,,-,VA,GET /accounts/login/?next=/ HTTP/1.1,login,2014-05-04T07:49:10Z,/accounts/login/?next=/,Mozilla/4.7 (compatible; OffByOne; Windows 98),Other,,12262477-4f9e-4348-a1d8-3639bb647799
1480895575692935173,,304,Ashburn,54.227.93.32,302,US,USA,United States,Other,,39.0437,-77.4875,GET,Windows 98,,HTTP/1.1,,-,VA,GET / HTTP/1.1,,2014-05-04T07:49:10Z,/,Mozilla/4.7 (compatible; OffByOne; Windows 98),Other,,22ac1b2a-e8df-43db-8a0f-d48bf44daad7
1480895575692935174,accounts,437,Ashburn,54.227.93.32,302,US,USA,United States,Other,,39.0437,-77.4875,GET,Windows 2000,,HTTP/1.1,,-,VA,GET /accounts/login/?next=/ HTTP/1.1,login,2014-05-04T07:49:10Z,/accounts/login/?next=/,Mozilla/4.7 (compatible; OffByOne; Windows 2000),Other,,0b75bf46-92ec-4bb0-94ac-3cc88297066d
1480895575693983744,,304,Ashburn,54.227.93.32,302,US,USA,United States,Other,,39.0437,-77.4875,GET,Windows 2000,,HTTP/1.1,,-,VA,GET / HTTP/1.1,,2014-05-04T07:49:10Z,/,Mozilla/4.7 (compatible; OffByOne; Windows 2000),Other,,cb40e987-6469-4ce9-9b3e-8b3a4433867d
1480895575693983745,accounts,437,Ashburn,54.227.93.32,302,US,USA,United States,Other,,39.0437,-77.4875,GET,Windows 98,,HTTP/1.1,,-,VA,GET /accounts/login/?next=/ HTTP/1.1,login,2014-05-04T07:49:10Z,/accounts/login/?next=/,Mozilla/4.7 (compatible; OffByOne; Windows 98),Other,,5ff43265-35ce-4c3f-80ce-c5f9a040bc83
1480895575693983746,,304,Ashburn,54.227.93.32,302,US,USA,United States,Other,,39.0437,-77.4875,GET,Windows 98,,HTTP/1.1,,-,VA,GET / HTTP/1.1,,2014-05-04T07:49:10Z,/,Mozilla/4.7 (compatible; OffByOne; Windows 98),Other,,bdf12c9c-203d-4f5c-974b-33a787bb972c
1480895575693983747,accounts,423,Ashburn,54.227.93.32,302,US,USA,United States,Other,,39.0437,-77.4875,GET,Windows 98,,HTTP/1.1,,-,VA,GET /accounts/login/?next=/ HTTP/1.1,login,2014-05-04T07:49:10Z,/accounts/login/?next=/,Mozilla/4.7 (compatible; OffByOne; Windows 98),Other,,ed62479b-65d8-4c81-9b37-b325cd86c419
1480895575693983748,,304,Ashburn,54.227.93.32,302,US,USA,United States,Other,,39.0437,-77.4875,GET,Windows 98,,HTTP/1.1,,-,VA,GET / HTTP/1.1,,2014-05-04T07:49:11Z,/,Mozilla/4.7 (compatible; OffByOne; Windows 98),Other,,1c398285-ec0f-4c06-9f62-21d32037701c
1480895575693983749,accounts,423,Ashburn,54.227.93.32,302,US,USA,United States,Other,,39.0437,-77.4875,GET,Windows 2000,,HTTP/1.1,,-,VA,GET /accounts/login/?next=/ HTTP/1.1,login,2014-05-04T07:49:10Z,/accounts/login/?next=/,Mozilla/4.7 (compatible; OffByOne; Windows 2000),Other,,736eca1c-67db-43bc-8029-b9fac89d95ed
1480895575693983750,,318,Ashburn,54.227.93.32,302,US,USA,United States,Other,,39.0437,-77.4875,GET,Windows 2000,,HTTP/1.1,,-,VA,GET / HTTP/1.1,,2014-05-04T07:49:11Z,/,Mozilla/4.7 (compatible; OffByOne; Windows 2000),Other,,970fd535-dba9-4e18-9da6-1fb920d3fe4b
1480895575693983751,accounts,437,Ashburn,54.227.93.32,302,US,USA,United States,Other,,39.0437,-77.4875,GET,Windows 98,,HTTP/1.1,,-,VA,GET /accounts/login/?next=/ HTTP/1.1,login,2014-05-04T07:49:11Z,/accounts/login/?next=/,Mozilla/4.7 (compatible; OffByOne; Windows 98),Other,,edda6065-32bc-426b-a6a4-6c73fccdea19
1480895575693983752,,318,Ashburn,54.227.93.32,302,US,USA,United States,Other,,39.0437,-77.4875,GET,Windows 98,,HTTP/1.1,,-,VA,GET / HTTP/1.1,,2014-05-04T07:49:11Z,/,Mozilla/4.7 (compatible; OffByOne; Windows 98),Other,,0b4ee367-4113-470c-93d0-cc77fdb82a7b
1480895575695032320,accounts,423,Ashburn,54.227.93.32,302,US,USA,United States,Other,,39.0437,-77.4875,GET,Windows 2000,,HTTP/1.1,,-,VA,GET /accounts/login/?next=/ HTTP/1.1,login,2014-05-04T07:49:11Z,/accounts/login/?next=/,Mozilla/4.7 (compatible; OffByOne; Windows 2000),Other,,2f505d56-ccf2-4f11-b825-30de51a31760
1480895575695032321,,304,Ashburn,54.227.93.32,302,US,USA,United States,Other,,39.0437,-77.4875,GET,Windows 2000,,HTTP/1.1,,-,VA,GET / HTTP/1.1,,2014-05-04T07:49:11Z,/,Mozilla/4.7 (compatible; OffByOne; Windows 2000),Other,,5e5944b9-6350-4241-a75b-9943ecac00cb
1480895575695032322,accounts,423,Ashburn,54.227.93.32,302,US,USA,United States,Other,,39.0437,-77.4875,GET,Windows 98,,HTTP/1.1,,-,VA,GET /accounts/login/?next=/ HTTP/1.1,login,2014-05-04T07:49:11Z,/accounts/login/?next=/,Mozilla/4.7 (compatible; OffByOne; Windows 98),Other,,64a1643c-63a4-41d4-a3a4-0f5c5cee5a69
1480895575695032323,,318,Ashburn,54.227.93.32,302,US,USA,United States,Other,,39.0437,-77.4875,GET,Windows 98,,HTTP/1.1,,-,VA,GET / HTTP/1.1,,2014-05-04T07:49:11Z,/,Mozilla/4.7 (compatible; OffByOne; Windows 98),Other,,707955bd-9a89-4b16-a1e3-7b6d53973c62
1480895575695032324,accounts,423,Ashburn,54.227.93.32,302,US,USA,United States,Other,,39.0437,-77.4875,GET,Windows 98,,HTTP/1.1,,-,VA,GET /accounts/login/?next=/ HTTP/1.1,login,2014-05-04T07:49:11Z,/accounts/login/?next=/,Mozilla/4.7 (compatible; OffByOne; Windows 98),Other,,9cf272ce-5fbb-4705-9934-8fe733c4ec13
1480895575695032325,,304,Ashburn,54.227.93.32,302,US,USA,United States,Other,,39.0437,-77.4875,GET,Windows 98,,HTTP/1.1,,-,VA,GET / HTTP/1.1,,2014-05-04T07:49:11Z,/,Mozilla/4.7 (compatible; OffByOne; Windows 98),Other,,48af3b6e-a196-4509-8515-9dc10e512c53
1480895575695032326,accounts,437,Ashburn,54.227.93.32,302,US,USA,United States,Other,,39.0437,-77.4875,GET,Windows 2000,,HTTP/1.1,,-,VA,GET /accounts/login/?next=/ HTTP/1.1,login,2014-05-04T07:49:11Z,/accounts/login/?next=/,Mozilla/4.7 (compatible; OffByOne; Windows 2000),Other,,ff346158-b5f4-44a4-bf9e-fed35e9c2efa
1480895575695032327,,304,Ashburn,54.227.93.32,302,US,USA,United States,Other,,39.0437,-77.4875,GET,Windows 2000,,HTTP/1.1,,-,VA,GET / HTTP/1.1,,2014-05-04T07:49:11Z,/,Mozilla/4.7 (compatible; OffByOne; Windows 2000),Other,,45384c37-92f7-4922-9a91-a51f7474dfcb
1480895575696080896,accounts,437,Ashburn,54.227.93.32,302,US,USA,United States,Other,,39.0437,-77.4875,GET,Windows 98,,HTTP/1.1,,-,VA,GET /accounts/login/?next=/ HTTP/1.1,login,2014-05-04T07:49:11Z,/accounts/login/?next=/,Mozilla/4.7 (compatible; OffByOne; Windows 98),Other,,0e351b8f-ebaa-4534-8f0d-6995953afb55
1480895575696080897,,318,Ashburn,54.227.93.32,302,US,USA,United States,Other,,39.0437,-77.4875,GET,Windows 98,,HTTP/1.1,,-,VA,GET / HTTP/1.1,,2014-05-04T07:49:11Z,/,Mozilla/4.7 (compatible; OffByOne; Windows 98),Other,,344dcb16-15c4-4471-baa6-faf97f34c892
1480895575696080898,accounts,437,Ashburn,54.227.93.32,302,US,USA,United States,Other,,39.0437,-77.4875,GET,Windows 2000,,HTTP/1.1,,-,VA,GET /accounts/login/?next=/ HTTP/1.1,login,2014-05-04T07:49:11Z,/accounts/login/?next=/,Mozilla/4.7 (compatible; OffByOne; Windows 2000),Other,,77997c6e-8b8e-4806-82d6-671c2677d061
1480895575696080899,,318,Ashburn,54.227.93.32,302,US,USA,United States,Other,,39.0437,-77.4875,GET,Windows 2000,,HTTP/1.1,,-,VA,GET / HTTP/1.1,,2014-05-04T07:49:12Z,/,Mozilla/4.7 (compatible; OffByOne; Windows 2000),Other,,c9948798-e7da-47e8-8734-83a9ee4113dc
1480895575696080900,accounts,437,Ashburn,54.227.93.32,302,US,USA,United States,Other,,39.0437,-77.4875,GET,Windows XP,,HTTP/1.1,,-,VA,GET /accounts/login/?next=/ HTTP/1.1,login,2014-05-04T07:49:09Z,/accounts/login/?next=/,"Mozilla/5.0 (Windows; U; Windows NT 5.1; zh-CN) AppleWebKit/523.15 (KHTML, like Gecko, Safari/419.3) Arora/0.3 (Change: 287 c9dfb30)",Arora,0,5216451e-6fa4-4015-84e6-52f6e75efe66
1480895575696080901,,304,Ashburn,54.227.93.32,302,US,USA,United States,Other,,39.0437,-77.4875,GET,Windows XP,,HTTP/1.1,,-,VA,GET / HTTP/1.1,,2014-05-04T07:49:12Z,/,"Mozilla/5.0 (Windows; U; Windows NT 5.1; zh-CN) AppleWebKit/523.15 (KHTML, like Gecko, Safari/419.3) Arora/0.3 (Change: 287 c9dfb30)",Arora,0,2ffbae7a-3fa3-43c1-bbcd-b01fd80e5087
1480895575696080902,accounts,423,Ashburn,54.227.93.32,302,US,USA,United States,Other,,39.0437,-77.4875,GET,Windows 2000,,HTTP/1.1,,-,VA,GET /accounts/login/?next=/ HTTP/1.1,login,2014-05-04T07:49:12Z,/accounts/login/?next=/,Mozilla/4.7 (compatible; OffByOne; Windows 2000),Other,,f9ac47d2-c545-413c-9c51-c0b900525ddc
1480895575696080903,,304,Ashburn,54.227.93.32,302,US,USA,United States,Other,,39.0437,-77.4875,GET,Windows 2000,,HTTP/1.1,,-,VA,GET / HTTP/1.1,,2014-05-04T07:49:12Z,/,Mozilla/4.7 (compatible; OffByOne; Windows 2000),Other,,73c232bb-a473-418e-a8a6-f6379de4157a
1480895575696080904,accounts,437,Ashburn,54.227.93.32,302,US,USA,United States,Other,,39.0437,-77.4875,GET,Windows 98,,HTTP/1.1,,-,VA,GET /accounts/login/?next=/ HTTP/1.1,login,2014-05-04T07:49:11Z,/accounts/login/?next=/,Mozilla/4.7 (compatible; OffByOne; Windows 98),Other,,8001addf-ee34-444d-bf04-eab48e332680
1480895575697129472,,318,Ashburn,54.227.93.32,302,US,USA,United States,Other,,39.0437,-77.4875,GET,Windows 98,,HTTP/1.1,,-,VA,GET / HTTP/1.1,,2014-05-04T07:49:12Z,/,Mozilla/4.7 (compatible; OffByOne; Windows 98),Other,,2b4b3779-6f9f-4aa6-af4f-70b78ff8eb66
1480895575697129473,accounts,423,Ashburn,54.227.93.32,302,US,USA,United States,Other,,39.0437,-77.4875,GET,Windows 2000,,HTTP/1.1,,-,VA,GET /accounts/login/?next=/ HTTP/1.1,login,2014-05-04T07:49:12Z,/accounts/login/?next=/,Mozilla/4.7 (compatible; OffByOne; Windows 2000),Other,,25273a49-2d5f-401b-9550-4dbdb1821f0f
1480895575697129474,,318,Ashburn,54.227.93.32,302,US,USA,United States,Other,,39.0437,-77.4875,GET,Windows 2000,,HTTP/1.1,,-,VA,GET / HTTP/1.1,,2014-05-04T07:49:13Z,/,Mozilla/4.7 (compatible; OffByOne; Windows 2000),Other,,58137f2d-9d31-4dfe-a8c4-314fa762cbb7
1480895575697129475,accounts,423,Ashburn,54.227.93.32,302,US,USA,United States,Other,,39.0437,-77.4875,GET,Windows XP,,HTTP/1.1,,-,VA,GET /accounts/login/?next=/ HTTP/1.1,login,2014-05-04T07:49:12Z,/accounts/login/?next=/,"Mozilla/5.0 (Windows; U; Windows NT 5.1; zh-CN) AppleWebKit/523.15 (KHTML, like Gecko, Safari/419.3) Arora/0.3 (Change: 287 c9dfb30)",Arora,0,31e0500b-ef46-4857-bead-40c6cd2dab4d
1480895575697129476,,318,Ashburn,54.227.93.32,302,US,USA,United States,Other,,39.0437,-77.4875,GET,Windows XP,,HTTP/1.1,,-,VA,GET / HTTP/1.1,,2014-05-04T07:49:13Z,/,"Mozilla/5.0 (Windows; U; Windows NT 5.1; zh-CN) AppleWebKit/523.15 (KHTML, like Gecko, Safari/419.3) Arora/0.3 (Change: 287 c9dfb30)",Arora,0,8ffffc14-c706-4aff-8742-916557ccfc04
1480895575697129477,accounts,423,Ashburn,54.227.93.32,302,US,USA,United States,Other,,39.0437,-77.4875,GET,Windows XP,,HTTP/1.1,,-,VA,GET /accounts/login/?next=/ HTTP/1.1,login,2014-05-04T07:49:13Z,/accounts/login/?next=/,"Mozilla/5.0 (Windows; U; Windows NT 5.1; zh-CN) AppleWebKit/523.15 (KHTML, like Gecko, Safari/419.3) Arora/0.3 (Change: 287 c9dfb30)",Arora,0,1687f42e-273f-4338-ad83-50572ca5ca1a
1480895575698178048,,304,Ashburn,54.227.93.32,302,US,USA,United States,Other,,39.0437,-77.4875,GET,Windows XP,,HTTP/1.1,,-,VA,GET / HTTP/1.1,,2014-05-04T07:49:13Z,/,"Mozilla/5.0 (Windows; U; Windows NT 5.1; zh-CN) AppleWebKit/523.15 (KHTML, like Gecko, Safari/419.3) Arora/0.3 (Change: 287 c9dfb30)",Arora,0,2503b30b-bbbd-4ca0-af7b-6d317daec72f
1480895575698178049,accounts,423,Ashburn,54.227.93.32,302,US,USA,United States,Other,,39.0437,-77.4875,GET,Windows XP,,HTTP/1.1,,-,VA,GET /accounts/login/?next=/ HTTP/1.1,login,2014-05-04T07:49:13Z,/accounts/login/?next=/,"Mozilla/5.0 (Windows; U; Windows NT 5.1; zh-CN) AppleWebKit/523.15 (KHTML, like Gecko, Safari/419.3) Arora/0.3 (Change: 287 c9dfb30)",Arora,0,dd3d6ff3-87f4-4bb3-bff5-72ed70a2eae3
1480895575698178050,,318,Ashburn,54.227.93.32,302,US,USA,United States,Other,,39.0437,-77.4875,GET,Windows XP,,HTTP/1.1,,-,VA,GET / HTTP/1.1,,2014-05-04T07:49:14Z,/,"Mozilla/5.0 (Windows; U; Windows NT 5.1; zh-CN) AppleWebKit/523.15 (KHTML, like Gecko, Safari/419.3) Arora/0.3 (Change: 287 c9dfb30)",Arora,0,5e27246c-3349-48d7-baec-60f2ab6c54ab
1480895575698178051,accounts,423,Ashburn,54.227.93.32,302,US,USA,United States,Other,,39.0437,-77.4875,GET,Windows XP,,HTTP/1.1,,-,VA,GET /accounts/login/?next=/ HTTP/1.1,login,2014-05-04T07:49:14Z,/accounts/login/?next=/,"Mozilla/5.0 (Windows; U; Windows NT 5.1; zh-CN) AppleWebKit/523.15 (KHTML, like Gecko, Safari/419.3) Arora/0.3 (Change: 287 c9dfb30)",Arora,0,0de11a1b-b799-4e09-ba3f-8fc8e68bd258
1480895575698178052,,318,Ashburn,54.227.93.32,302,US,USA,United States,Other,,39.0437,-77.4875,GET,Windows XP,,HTTP/1.1,,-,VA,GET / HTTP/1.1,,2014-05-04T07:49:14Z,/,"Mozilla/5.0 (Windows; U; Windows NT 5.1; zh-CN) AppleWebKit/523.15 (KHTML, like Gecko, Safari/419.3) Arora/0.3 (Change: 287 c9dfb30)",Arora,0,86081023-4585-40c6-8578-daef58829d58
1480895575698178053,accounts,423,Ashburn,54.227.93.32,302,US,USA,United States,Other,,39.0437,-77.4875,GET,Windows XP,,HTTP/1.1,,-,VA,GET /accounts/login/?next=/ HTTP/1.1,login,2014-05-04T07:49:14Z,/accounts/login/?next=/,"Mozilla/5.0 (Windows; U; Windows NT 5.1; zh-CN) AppleWebKit/523.15 (KHTML, like Gecko, Safari/419.3) Arora/0.3 (Change: 287 c9dfb30)",Arora,0,401b21cf-c96a-44ed-8f59-7f547ec0d332
1480895575698178054,,304,Ashburn,54.227.93.32,302,US,USA,United States,Other,,39.0437,-77.4875,GET,Windows XP,,HTTP/1.1,,-,VA,GET / HTTP/1.1,,2014-05-04T07:49:14Z,/,"Mozilla/5.0 (Windows; U; Windows NT 5.1; zh-CN) AppleWebKit/523.15 (KHTML, like Gecko, Safari/419.3) Arora/0.3 (Change: 287 c9dfb30)",Arora,0,50f53aa8-a7e8-4973-a61e-4a8bafc71052
1480895575699226624,accounts,423,Ashburn,54.227.93.32,302,US,USA,United States,Other,,39.0437,-77.4875,GET,Windows XP,,HTTP/1.1,,-,VA,GET /accounts/login/?next=/ HTTP/1.1,login,2014-05-04T07:49:14Z,/accounts/login/?next=/,"Mozilla/5.0 (Windows; U; Windows NT 5.1; zh-CN) AppleWebKit/523.15 (KHTML, like Gecko, Safari/419.3) Arora/0.3 (Change: 287 c9dfb30)",Arora,0,124dcc1a-243b-40b0-8a27-bb4fd19cd738
1480895575699226625,,318,Ashburn,54.227.93.32,302,US,USA,United States,Other,,39.0437,-77.4875,GET,Windows XP,,HTTP/1.1,,-,VA,GET / HTTP/1.1,,2014-05-04T07:49:14Z,/,"Mozilla/5.0 (Windows; U; Windows NT 5.1; zh-CN) AppleWebKit/523.15 (KHTML, like Gecko, Safari/419.3) Arora/0.3 (Change: 287 c9dfb30)",Arora,0,551d078f-befe-41b1-8f30-f7e55ce69054
1480895575699226626,accounts,423,Ashburn,54.227.93.32,302,US,USA,United States,Other,,39.0437,-77.4875,GET,Windows XP,,HTTP/1.1,,-,VA,GET /accounts/login/?next=/ HTTP/1.1,login,2014-05-04T07:49:14Z,/accounts/login/?next=/,"Mozilla/5.0 (Windows; U; Windows NT 5.1; zh-CN) AppleWebKit/523.15 (KHTML, like Gecko, Safari/419.3) Arora/0.3 (Change: 287 c9dfb30)",Arora,0,c6907031-4c57-45f6-b382-0dbabc46c1c8
1480895575699226627,,318,Ashburn,54.227.93.32,302,US,USA,United States,Other,,39.0437,-77.4875,GET,Windows XP,,HTTP/1.1,,-,VA,GET / HTTP/1.1,,2014-05-04T07:49:14Z,/,"Mozilla/5.0 (Windows; U; Windows NT 5.1; zh-CN) AppleWebKit/523.15 (KHTML, like Gecko, Safari/419.3) Arora/0.3 (Change: 287 c9dfb30)",Arora,0,0f6c7853-1106-4c90-a8fb-3b72512f567c
1480895575699226628,accounts,423,Ashburn,54.227.93.32,302,US,USA,United States,Other,,39.0437,-77.4875,GET,Windows XP,,HTTP/1.1,,-,VA,GET /accounts/login/?next=/ HTTP/1.1,login,2014-05-04T07:49:14Z,/accounts/login/?next=/,"Mozilla/5.0 (Windows; U; Windows NT 5.1; zh-CN) AppleWebKit/523.15 (KHTML, like Gecko, Safari/419.3) Arora/0.3 (Change: 287 c9dfb30)",Arora,0,3f91f5de-9fd1-420d-8e37-aefe8a588ebd
1480895575699226629,,318,Ashburn,54.227.93.32,302,US,USA,United States,Other,,39.0437,-77.4875,GET,Windows XP,,HTTP/1.1,,-,VA,GET / HTTP/1.1,,2014-05-04T07:49:14Z,/,"Mozilla/5.0 (Windows; U; Windows NT 5.1; zh-CN) AppleWebKit/523.15 (KHTML, like Gecko, Safari/419.3) Arora/0.3 (Change: 287 c9dfb30)",Arora,0,0813ef1c-9d9b-48b2-973a-a5183f508082
1480895575699226630,accounts,423,Ashburn,54.227.93.32,302,US,USA,United States,Other,,39.0437,-77.4875,GET,Windows XP,,HTTP/1.1,,-,VA,GET /accounts/login/?next=/ HTTP/1.1,login,2014-05-04T07:49:14Z,/accounts/login/?next=/,"Mozilla/5.0 (Windows; U; Windows NT 5.1; zh-CN) AppleWebKit/523.15 (KHTML, like Gecko, Safari/419.3) Arora/0.3 (Change: 287 c9dfb30)",Arora,0,7bb812f4-bf3e-40df-967f-fcf6c9399d2a
1480895575700275200,,318,Ashburn,54.227.93.32,302,US,USA,United States,Other,,39.0437,-77.4875,GET,Windows XP,,HTTP/1.1,,-,VA,GET / HTTP/1.1,,2014-05-04T07:49:14Z,/,"Mozilla/5.0 (Windows; U; Windows NT 5.1; zh-CN) AppleWebKit/523.15 (KHTML, like Gecko, Safari/419.3) Arora/0.3 (Change: 287 c9dfb30)",Arora,0,fd4fb046-cd82-4f09-abfe-ddc6270c9050
1480895575700275201,accounts,423,Ashburn,54.227.93.32,302,US,USA,United States,Other,,39.0437,-77.4875,GET,Windows 2000,,HTTP/1.1,,-,VA,GET /accounts/login/?next=/ HTTP/1.1,login,2014-05-04T07:49:13Z,/accounts/login/?next=/,Mozilla/4.7 (compatible; OffByOne; Windows 2000),Other,,a57f2f20-80c0-4b7d-bf6a-422c827712bc
1480895575700275202,,318,Ashburn,54.227.93.32,302,US,USA,United States,Other,,39.0437,-77.4875,GET,Windows 2000,,HTTP/1.1,,-,VA,GET / HTTP/1.1,,2014-05-04T07:49:14Z,/,Mozilla/4.7 (compatible; OffByOne; Windows 2000),Other,,aceed468-8dc6-4da3-8124-bd2487613ca0
1480895575700275203,accounts,423,Ashburn,54.227.93.32,302,US,USA,United States,Other,,39.0437,-77.4875,GET,Windows XP,,HTTP/1.1,,-,VA,GET /accounts/login/?next=/ HTTP/1.1,login,2014-05-04T07:49:14Z,/accounts/login/?next=/,"Mozilla/5.0 (Windows; U; Windows NT 5.1; zh-CN) AppleWebKit/523.15 (KHTML, like Gecko, Safari/419.3) Arora/0.3 (Change: 287 c9dfb30)",Arora,0,a42c09d9-9205-44bb-89a3-2981b467ac02
1480895575700275204,,304,Ashburn,54.227.93.32,302,US,USA,United States,Other,,39.0437,-77.4875,GET,Windows XP,,HTTP/1.1,,-,VA,GET / HTTP/1.1,,2014-05-04T07:49:14Z,/,"Mozilla/5.0 (Windows; U; Windows NT 5.1; zh-CN) AppleWebKit/523.15 (KHTML, like Gecko, Safari/419.3) Arora/0.3 (Change: 287 c9dfb30)",Arora,0,5b4d92fa-ac70-4f21-9318-9c84d3571041
1480895575700275205,accounts,423,Ashburn,54.227.93.32,302,US,USA,United States,Other,,39.0437,-77.4875,GET,Windows 2000,,HTTP/1.1,,-,VA,GET /accounts/login/?next=/ HTTP/1.1,login,2014-05-04T07:49:14Z,/accounts/login/?next=/,Mozilla/4.7 (compatible; OffByOne; Windows 2000),Other,,f0f7d910-09b1-45bc-af83-041ee29c6deb
1480895575700275206,,304,Ashburn,54.227.93.32,302,US,USA,United States,Other,,39.0437,-77.4875,GET,Windows 2000,,HTTP/1.1,,-,VA,GET / HTTP/1.1,,2014-05-04T07:49:14Z,/,Mozilla/4.7 (compatible; OffByOne; Windows 2000),Other,,98cabe80-8408-4539-98dc-fe02eccbb319
1480895575700275207,accounts,423,Ashburn,54.227.93.32,302,US,USA,United States,Other,,39.0437,-77.4875,GET,Windows XP,,HTTP/1.1,,-,VA,GET /accounts/login/?next=/ HTTP/1.1,login,2014-05-04T07:49:14Z,/accounts/login/?next=/,"Mozilla/5.0 (Windows; U; Windows NT 5.1; zh-CN) AppleWebKit/523.15 (KHTML, like Gecko, Safari/419.3) Arora/0.3 (Change: 287 c9dfb30)",Arora,0,92f66fd2-d0e2-4e77-93ad-6e6de3695766
1480895575700275208,,304,Ashburn,54.227.93.32,302,US,USA,United States,Other,,39.0437,-77.4875,GET,Windows XP,,HTTP/1.1,,-,VA,GET / HTTP/1.1,,2014-05-04T07:49:14Z,/,"Mozilla/5.0 (Windows; U; Windows NT 5.1; zh-CN) AppleWebKit/523.15 (KHTML, like Gecko, Safari/419.3) Arora/0.3 (Change: 287 c9dfb30)",Arora,0,6013709c-538d-4d41-a52a-51f0d818546d
1480895575701323776,accounts,423,Ashburn,54.227.93.32,302,US,USA,United States,Other,,39.0437,-77.4875,GET,Windows 2000,,HTTP/1.1,,-,VA,GET /accounts/login/?next=/ HTTP/1.1,login,2014-05-04T07:49:14Z,/accounts/login/?next=/,Mozilla/4.7 (compatible; OffByOne; Windows 2000),Other,,9b15c9f9-169c-4d39-90a6-719e233aa0a7
1480895575701323777,,318,Ashburn,54.227.93.32,302,US,USA,United States,Other,,39.0437,-77.4875,GET,Windows 2000,,HTTP/1.1,,-,VA,GET / HTTP/1.1,,2014-05-04T07:49:15Z,/,Mozilla/4.7 (compatible; OffByOne; Windows 2000),Other,,1005383d-fdbc-4367-97b6-240c6266b8f5
1480895575701323778,accounts,423,Ashburn,54.227.93.32,302,US,USA,United States,Other,,39.0437,-77.4875,GET,Windows XP,,HTTP/1.1,,-,VA,GET /accounts/login/?next=/ HTTP/1.1,login,2014-05-04T07:49:14Z,/accounts/login/?next=/,"Mozilla/5.0 (Windows; U; Windows NT 5.1; zh-CN) AppleWebKit/523.15 (KHTML, like Gecko, Safari/419.3) Arora/0.3 (Change: 287 c9dfb30)",Arora,0,faf74e80-a31d-409f-a5a9-2b8a57ad01e4
1480895575701323779,,318,Ashburn,54.227.93.32,302,US,USA,United States,Other,,39.0437,-77.4875,GET,Windows XP,,HTTP/1.1,,-,VA,GET / HTTP/1.1,,2014-05-04T07:49:15Z,/,"Mozilla/5.0 (Windows; U; Windows NT 5.1; zh-CN) AppleWebKit/523.15 (KHTML, like Gecko, Safari/419.3) Arora/0.3 (Change: 287 c9dfb30)",Arora,0,3a21e1ab-fcab-4295-8173-dc856c7c63a0
1480895575701323780,accounts,423,Ashburn,54.227.93.32,302,US,USA,United States,Other,,39.0437,-77.4875,GET,Windows XP,,HTTP/1.1,,-,VA,GET /accounts/login/?next=/ HTTP/1.1,login,2014-05-04T07:49:15Z,/accounts/login/?next=/,"Mozilla/5.0 (Windows; U; Windows NT 5.1; zh-CN) AppleWebKit/523.15 (KHTML, like Gecko, Safari/419.3) Arora/0.3 (Change: 287 c9dfb30)",Arora,0,b4ccb44e-36ce-41e1-8658-6993a87598c9
1480895575701323781,,318,Ashburn,54.227.93.32,302,US,USA,United States,Other,,39.0437,-77.4875,GET,Windows XP,,HTTP/1.1,,-,VA,GET / HTTP/1.1,,2014-05-04T07:49:15Z,/,"Mozilla/5.0 (Windows; U; Windows NT 5.1; zh-CN) AppleWebKit/523.15 (KHTML, like Gecko, Safari/419.3) Arora/0.3 (Change: 287 c9dfb30)",Arora,0,aa99000b-f73f-462c-ba22-734b069d76eb
1480895575702372352,accounts,423,Ashburn,54.227.93.32,302,US,USA,United States,Other,,39.0437,-77.4875,GET,Windows XP,,HTTP/1.1,,-,VA,GET /accounts/login/?next=/ HTTP/1.1,login,2014-05-04T07:49:15Z,/accounts/login/?next=/,"Mozilla/5.0 (Windows; U; Windows NT 5.1; zh-CN) AppleWebKit/523.15 (KHTML, like Gecko, Safari/419.3) Arora/0.3 (Change: 287 c9dfb30)",Arora,0,02879f5f-77ef-401e-81c1-626c6186940f
1480895575702372353,,318,Ashburn,54.227.93.32,302,US,USA,United States,Other,,39.0437,-77.4875,GET,Windows XP,,HTTP/1.1,,-,VA,GET / HTTP/1.1,,2014-05-04T07:49:15Z,/,"Mozilla/5.0 (Windows; U; Windows NT 5.1; zh-CN) AppleWebKit/523.15 (KHTML, like Gecko, Safari/419.3) Arora/0.3 (Change: 287 c9dfb30)",Arora,0,bf7a0159-bc59-4978-b382-f23015e890b3
1480895575702372354,accounts,423,Ashburn,54.227.93.32,302,US,USA,United States,Other,,39.0437,-77.4875,GET,Windows 2000,,HTTP/1.1,,-,VA,GET /accounts/login/?next=/ HTTP/1.1,login,2014-05-04T07:49:15Z,/accounts/login/?next=/,Mozilla/4.7 (compatible; OffByOne; Windows 2000),Other,,71a4294e-46c7-42b1-95e7-2eeee6a064fd
1480895575702372355,,318,Ashburn,54.227.93.32,302,US,USA,United States,Other,,39.0437,-77.4875,GET,Windows 2000,,HTTP/1.1,,-,VA,GET / HTTP/1.1,,2014-05-04T07:49:15Z,/,Mozilla/4.7 (compatible; OffByOne; Windows 2000),Other,,067c700e-0a48-44fa-869f-e3f6f91308c9
1480895575702372356,accounts,437,Ashburn,54.227.93.32,302,US,USA,United States,Other,,39.0437,-77.4875,GET,Windows 2000,,HTTP/1.1,,-,VA,GET /accounts/login/?next=/ HTTP/1.1,login,2014-05-04T07:49:15Z,/accounts/login/?next=/,Mozilla/4.7 (compatible; OffByOne; Windows 2000),Other,,4e86c168-8a1b-44fc-8db2-18cfb74afd94
1480895575702372357,,318,Ashburn,54.227.93.32,302,US,USA,United States,Other,,39.0437,-77.4875,GET,Windows 2000,,HTTP/1.1,,-,VA,GET / HTTP/1.1,,2014-05-04T07:49:15Z,/,Mozilla/4.7 (compatible; OffByOne; Windows 2000),Other,,0311be2a-3e94-4d94-9ee4-e82cada521af
1480895575702372358,accounts,423,Ashburn,54.227.93.32,302,US,USA,United States,Other,,39.0437,-77.4875,GET,Windows 2000,,HTTP/1.1,,-,VA,GET /accounts/login/?next=/ HTTP/1.1,login,2014-05-04T07:49:15Z,/accounts/login/?next=/,Mozilla/4.7 (compatible; OffByOne; Windows 2000),Other,,bec47a62-2cb9-4386-ac84-403da97474fb
1480895575702372359,,318,Ashburn,54.227.93.32,302,US,USA,United States,Other,,39.0437,-77.4875,GET,Windows 2000,,HTTP/1.1,,-,VA,GET / HTTP/1.1,,2014-05-04T07:49:15Z,/,Mozilla/4.7 (compatible; OffByOne; Windows 2000),Other,,36db69a7-6193-467f-994a-2df755013590
1480895575702372360,accounts,437,Ashburn,54.227.93.32,302,US,USA,United States,Other,,39.0437,-77.4875,GET,Windows 2000,,HTTP/1.1,,-,VA,GET /accounts/login/?next=/ HTTP/1.1,login,2014-05-04T07:49:15Z,/accounts/login/?next=/,Mozilla/4.7 (compatible; OffByOne; Windows 2000),Other,,56c3ea62-6857-4974-a549-6cfd305894eb
1480895575703420928,,318,Ashburn,54.227.93.32,302,US,USA,United States,Other,,39.0437,-77.4875,GET,Windows 2000,,HTTP/1.1,,-,VA,GET / HTTP/1.1,,2014-05-04T07:49:15Z,/,Mozilla/4.7 (compatible; OffByOne; Windows 2000),Other,,cd7d2bee-6e9a-49a5-bd28-292895c78774
1480895575703420929,accounts,437,Ashburn,54.227.93.32,302,US,USA,United States,Other,,39.0437,-77.4875,GET,Windows 2000,,HTTP/1.1,,-,VA,GET /accounts/login/?next=/ HTTP/1.1,login,2014-05-04T07:49:15Z,/accounts/login/?next=/,Mozilla/4.7 (compatible; OffByOne; Windows 2000),Other,,8400d52f-020c-41be-a197-5596b7dd75db
1480895575703420930,,318,Ashburn,54.227.93.32,302,US,USA,United States,Other,,39.0437,-77.4875,GET,Windows 2000,,HTTP/1.1,,-,VA,GET / HTTP/1.1,,2014-05-04T07:49:15Z,/,Mozilla/4.7 (compatible; OffByOne; Windows 2000),Other,,c37b11bc-e34b-440b-9c40-55ee0769a7d0
1480895575703420931,accounts,423,Ashburn,54.227.93.32,302,US,USA,United States,Other,,39.0437,-77.4875,GET,Windows 2000,,HTTP/1.1,,-,VA,GET /accounts/login/?next=/ HTTP/1.1,login,2014-05-04T07:49:15Z,/accounts/login/?next=/,Mozilla/4.7 (compatible; OffByOne; Windows 2000),Other,,e2c892f0-11be-4730-b17c-59173bd2a430
1480895575703420932,,304,Ashburn,54.227.93.32,302,US,USA,United States,Other,,39.0437,-77.4875,GET,Windows 2000,,HTTP/1.1,,-,VA,GET / HTTP/1.1,,2014-05-04T07:49:15Z,/,Mozilla/4.7 (compatible; OffByOne; Windows 2000),Other,,e5296799-21f7-4598-a105-a9a152c3f087
1480895575703420933,accounts,423,Ashburn,54.227.93.32,302,US,USA,United States,Other,,39.0437,-77.4875,GET,Windows 2000,,HTTP/1.1,,-,VA,GET /accounts/login/?next=/ HTTP/1.1,login,2014-05-04T07:49:15Z,/accounts/login/?next=/,Mozilla/4.7 (compatible; OffByOne; Windows 2000),Other,,6dcf2e42-5b05-4ebd-8b30-2fcde1bc3f5c
1480895575703420934,,318,Ashburn,54.227.93.32,302,US,USA,United States,Other,,39.0437,-77.4875,GET,Windows 2000,,HTTP/1.1,,-,VA,GET / HTTP/1.1,,2014-05-04T07:49:15Z,/,Mozilla/4.7 (compatible; OffByOne; Windows 2000),Other,,7c2c1436-36e1-405a-9555-3305d0d3d76a
1480895575703420935,accounts,423,Ashburn,54.227.93.32,302,US,USA,United States,Other,,39.0437,-77.4875,GET,Windows 2000,,HTTP/1.1,,-,VA,GET /accounts/login/?next=/ HTTP/1.1,login,2014-05-04T07:49:15Z,/accounts/login/?next=/,Mozilla/4.7 (compatible; OffByOne; Windows 2000),Other,,c1a56b1f-d25f-42d5-b358-ee1527193ce0
1480895575704469504,,318,Ashburn,54.227.93.32,302,US,USA,United States,Other,,39.0437,-77.4875,GET,Windows 2000,,HTTP/1.1,,-,VA,GET / HTTP/1.1,,2014-05-04T07:49:16Z,/,Mozilla/4.7 (compatible; OffByOne; Windows 2000),Other,,6f91d93f-2a9e-48a6-a2dc-c4e25787c1a4
1480895575704469505,accounts,423,Ashburn,54.227.93.32,302,US,USA,United States,Other,,39.0437,-77.4875,GET,Windows 2000,,HTTP/1.1,,-,VA,GET /accounts/login/?next=/ HTTP/1.1,login,2014-05-04T07:49:16Z,/accounts/login/?next=/,Mozilla/4.7 (compatible; OffByOne; Windows 2000),Other,,7a41e2d9-471c-4907-ba7e-e6246adaaec3
1480895575704469506,,318,Ashburn,54.227.93.32,302,US,USA,United States,Other,,39.0437,-77.4875,GET,Windows 2000,,HTTP/1.1,,-,VA,GET / HTTP/1.1,,2014-05-04T07:49:16Z,/,Mozilla/4.7 (compatible; OffByOne; Windows 2000),Other,,3d651c5e-7db7-4f94-8559-9024ae3df34f
1480895575704469507,accounts,423,Ashburn,54.227.93.32,302,US,USA,United States,Other,,39.0437,-77.4875,GET,Windows 98,,HTTP/1.1,,-,VA,GET /accounts/login/?next=/ HTTP/1.1,login,2014-05-04T07:49:12Z,/accounts/login/?next=/,Mozilla/4.7 (compatible; OffByOne; Windows 98),Other,,5af20f20-93e2-4eee-b77c-6ae3356954e4
1480895575704469508,,318,Ashburn,54.227.93.32,302,US,USA,United States,Other,,39.0437,-77.4875,GET,Windows 98,,HTTP/1.1,,-,VA,GET / HTTP/1.1,,2014-05-04T07:49:16Z,/,Mozilla/4.7 (compatible; OffByOne; Windows 98),Other,,1daadb90-bcc2-4add-8f99-4542a1cc5b3e
1480895575704469509,accounts,423,Ashburn,54.227.93.32,302,US,USA,United States,Other,,39.0437,-77.4875,GET,Windows 2000,,HTTP/1.1,,-,VA,GET /accounts/login/?next=/ HTTP/1.1,login,2014-05-04T07:49:16Z,/accounts/login/?next=/,Mozilla/4.7 (compatible; OffByOne; Windows 2000),Other,,23b14899-aa67-4309-bd2b-21f8f92b5506
1480895575704469510,,304,Ashburn,54.227.93.32,302,US,USA,United States,Other,,39.0437,-77.4875,GET,Windows 2000,,HTTP/1.1,,-,VA,GET / HTTP/1.1,,2014-05-04T07:49:16Z,/,Mozilla/4.7 (compatible; OffByOne; Windows 2000),Other,,2ecf8091-9623-4c15-ab9a-f43d0776ed07
1480895575704469511,accounts,423,Ashburn,54.227.93.32,302,US,USA,United States,Other,,39.0437,-77.4875,GET,Windows 2000,,HTTP/1.1,,-,VA,GET /accounts/login/?next=/ HTTP/1.1,login,2014-05-04T07:49:16Z,/accounts/login/?next=/,Mozilla/4.7 (compatible; OffByOne; Windows 2000),Other,,a14fd130-acd2-4713-8baa-50194beb297d
1480895575704469512,,304,Ashburn,54.227.93.32,302,US,USA,United States,Other,,39.0437,-77.4875,GET,Windows 2000,,HTTP/1.1,,-,VA,GET / HTTP/1.1,,2014-05-04T07:49:16Z,/,Mozilla/4.7 (compatible; OffByOne; Windows 2000),Other,,0ce4d66f-845e-45ea-81e3-0b5cd048ba78
1480895575705518080,accounts,423,Ashburn,54.227.93.32,302,US,USA,United States,Other,,39.0437,-77.4875,GET,Windows 2000,,HTTP/1.1,,-,VA,GET /accounts/login/?next=/ HTTP/1.1,login,2014-05-04T07:49:16Z,/accounts/login/?next=/,Mozilla/4.7 (compatible; OffByOne; Windows 2000),Other,,21d98e83-f3c0-4546-88e0-8ccf5c989e19
1480895575705518081,,304,Ashburn,54.227.93.32,302,US,USA,United States,Other,,39.0437,-77.4875,GET,Windows 2000,,HTTP/1.1,,-,VA,GET / HTTP/1.1,,2014-05-04T07:49:16Z,/,Mozilla/4.7 (compatible; OffByOne; Windows 2000),Other,,d4abdbb7-d152-4eaa-b875-d4dd32ce8794
1480895575705518082,accounts,423,Ashburn,54.227.93.32,302,US,USA,United States,Other,,39.0437,-77.4875,GET,Windows 98,,HTTP/1.1,,-,VA,GET /accounts/login/?next=/ HTTP/1.1,login,2014-05-04T07:49:16Z,/accounts/login/?next=/,Mozilla/4.7 (compatible; OffByOne; Windows 98),Other,,6b5ca174-eb34-4b72-8b74-bc435479a9a0
1480895575705518083,,304,Ashburn,54.227.93.32,302,US,USA,United States,Other,,39.0437,-77.4875,GET,Windows 98,,HTTP/1.1,,-,VA,GET / HTTP/1.1,,2014-05-04T07:49:16Z,/,Mozilla/4.7 (compatible; OffByOne; Windows 98),Other,,d664f524-47ed-4cae-867b-5f07b2b4d88f
1480895575705518084,accounts,423,Ashburn,54.227.93.32,302,US,USA,United States,Other,,39.0437,-77.4875,GET,Windows 98,,HTTP/1.1,,-,VA,GET /accounts/login/?next=/ HTTP/1.1,login,2014-05-04T07:49:16Z,/accounts/login/?next=/,Mozilla/4.7 (compatible; OffByOne; Windows 98),Other,,27d045d7-f32e-437e-90ba-08ab7a81b579
1480895575705518085,,304,Ashburn,54.227.93.32,302,US,USA,United States,Other,,39.0437,-77.4875,GET,Windows 98,,HTTP/1.1,,-,VA,GET / HTTP/1.1,,2014-05-04T07:49:16Z,/,Mozilla/4.7 (compatible; OffByOne; Windows 98),Other,,b2356aa0-03bc-4d52-82bc-9ffc1ba19ef0
1480895575705518086,accounts,423,Ashburn,54.227.93.32,302,US,USA,United States,Other,,39.0437,-77.4875,GET,Windows 98,,HTTP/1.1,,-,VA,GET /accounts/login/?next=/ HTTP/1.1,login,2014-05-04T07:49:16Z,/accounts/login/?next=/,Mozilla/4.7 (compatible; OffByOne; Windows 98),Other,,1485d58a-9e9e-4cc8-8b6f-7d6733c73104
1480895575706566656,,304,Ashburn,54.227.93.32,302,US,USA,United States,Other,,39.0437,-77.4875,GET,Windows 98,,HTTP/1.1,,-,VA,GET / HTTP/1.1,,2014-05-04T07:49:16Z,/,Mozilla/4.7 (compatible; OffByOne; Windows 98),Other,,ab636746-a8fc-421a-b269-2b04f20d49ed
1480895575706566657,accounts,423,Ashburn,54.227.93.32,302,US,USA,United States,Other,,39.0437,-77.4875,GET,Windows 2000,,HTTP/1.1,,-,VA,GET /accounts/login/?next=/ HTTP/1.1,login,2014-05-04T07:49:16Z,/accounts/login/?next=/,Mozilla/4.7 (compatible; OffByOne; Windows 2000),Other,,3e5e5026-d849-45a1-90f9-76b013b0a9ab
1480895575706566658,,318,Ashburn,54.227.93.32,302,US,USA,United States,Other,,39.0437,-77.4875,GET,Windows 2000,,HTTP/1.1,,-,VA,GET / HTTP/1.1,,2014-05-04T07:49:16Z,/,Mozilla/4.7 (compatible; OffByOne; Windows 2000),Other,,b06f0909-e557-4bc8-bf07-2b009f4201ec
1480895575706566659,accounts,423,Ashburn,54.227.93.32,302,US,USA,United States,Other,,39.0437,-77.4875,GET,Windows XP,,HTTP/1.1,,-,VA,GET /accounts/login/?next=/ HTTP/1.1,login,2014-05-04T07:49:15Z,/accounts/login/?next=/,"Mozilla/5.0 (Windows; U; Windows NT 5.1; zh-CN) AppleWebKit/523.15 (KHTML, like Gecko, Safari/419.3) Arora/0.3 (Change: 287 c9dfb30)",Arora,0,df399e6b-2579-40b4-9bc3-a8681ca87357
1480895575706566660,,318,Ashburn,54.227.93.32,302,US,USA,United States,Other,,39.0437,-77.4875,GET,Windows XP,,HTTP/1.1,,-,VA,GET / HTTP/1.1,,2014-05-04T07:49:16Z,/,"Mozilla/5.0 (Windows; U; Windows NT 5.1; zh-CN) AppleWebKit/523.15 (KHTML, like Gecko, Safari/419.3) Arora/0.3 (Change: 287 c9dfb30)",Arora,0,cd00f7e9-4d07-4a12-ae95-d484fc2b5e17
1480895575706566661,accounts,423,Ashburn,54.227.93.32,302,US,USA,United States,Other,,39.0437,-77.4875,GET,Windows 98,,HTTP/1.1,,-,VA,GET /accounts/login/?next=/ HTTP/1.1,login,2014-05-04T07:49:16Z,/accounts/login/?next=/,Mozilla/4.7 (compatible; OffByOne; Windows 98),Other,,149b672a-a3ed-443b-9df1-36de87eab0b8
1480895575706566662,,304,Ashburn,54.227.93.32,302,US,USA,United States,Other,,39.0437,-77.4875,GET,Windows 98,,HTTP/1.1,,-,VA,GET / HTTP/1.1,,2014-05-04T07:49:16Z,/,Mozilla/4.7 (compatible; OffByOne; Windows 98),Other,,7530beba-ed7a-4e59-9175-2b89e6c30bac
1480895575706566663,accounts,423,Ashburn,54.227.93.32,302,US,USA,United States,Other,,39.0437,-77.4875,GET,Windows XP,,HTTP/1.1,,-,VA,GET /accounts/login/?next=/ HTTP/1.1,login,2014-05-04T07:49:16Z,/accounts/login/?next=/,"Mozilla/5.0 (Windows; U; Windows NT 5.1; zh-CN) AppleWebKit/523.15 (KHTML, like Gecko, Safari/419.3) Arora/0.3 (Change: 287 c9dfb30)",Arora,0,c44446b4-dda3-43f8-b9c0-41b8cb37519c
1480895575707615232,,318,Ashburn,54.227.93.32,302,US,USA,United States,Other,,39.0437,-77.4875,GET,Windows XP,,HTTP/1.1,,-,VA,GET / HTTP/1.1,,2014-05-04T07:49:16Z,/,"Mozilla/5.0 (Windows; U; Windows NT 5.1; zh-CN) AppleWebKit/523.15 (KHTML, like Gecko, Safari/419.3) Arora/0.3 (Change: 287 c9dfb30)",Arora,0,676a3086-6e24-4ff6-9194-d85a037b7666
1480895575707615233,accounts,423,Ashburn,54.227.93.32,302,US,USA,United States,Other,,39.0437,-77.4875,GET,Windows XP,,HTTP/1.1,,-,VA,GET /accounts/login/?next=/ HTTP/1.1,login,2014-05-04T07:49:17Z,/accounts/login/?next=/,"Mozilla/5.0 (Windows; U; Windows NT 5.1; zh-CN) AppleWebKit/523.15 (KHTML, like Gecko, Safari/419.3) Arora/0.3 (Change: 287 c9dfb30)",Arora,0,2c5898e8-78e5-4acf-83cb-d517cddff2ad
1480895575707615234,,304,Ashburn,54.227.93.32,302,US,USA,United States,Other,,39.0437,-77.4875,GET,Windows XP,,HTTP/1.1,,-,VA,GET / HTTP/1.1,,2014-05-04T07:49:17Z,/,"Mozilla/5.0 (Windows; U; Windows NT 5.1; zh-CN) AppleWebKit/523.15 (KHTML, like Gecko, Safari/419.3) Arora/0.3 (Change: 287 c9dfb30)",Arora,0,421b31ed-4909-47b2-b0dc-36b8a07998bd
1480895575707615235,accounts,423,Ashburn,54.227.93.32,302,US,USA,United States,Other,,39.0437,-77.4875,GET,Windows XP,,HTTP/1.1,,-,VA,GET /accounts/login/?next=/ HTTP/1.1,login,2014-05-04T07:49:17Z,/accounts/login/?next=/,"Mozilla/5.0 (Windows; U; Windows NT 5.1; zh-CN) AppleWebKit/523.15 (KHTML, like Gecko, Safari/419.3) Arora/0.3 (Change: 287 c9dfb30)",Arora,0,2c5b56ae-6020-4a9f-9317-2816de1b44c7
1480895575707615236,,304,Ashburn,54.227.93.32,302,US,USA,United States,Other,,39.0437,-77.4875,GET,Windows XP,,HTTP/1.1,,-,VA,GET / HTTP/1.1,,2014-05-04T07:49:17Z,/,"Mozilla/5.0 (Windows; U; Windows NT 5.1; zh-CN) AppleWebKit/523.15 (KHTML, like Gecko, Safari/419.3) Arora/0.3 (Change: 287 c9dfb30)",Arora,0,2df19dce-bac5-4ee0-b2bf-dfc9138be624
1480895575707615237,accounts,423,Ashburn,54.227.93.32,302,US,USA,United States,Other,,39.0437,-77.4875,GET,Windows XP,,HTTP/1.1,,-,VA,GET /accounts/login/?next=/ HTTP/1.1,login,2014-05-04T07:49:17Z,/accounts/login/?next=/,"Mozilla/5.0 (Windows; U; Windows NT 5.1; zh-CN) AppleWebKit/523.15 (KHTML, like Gecko, Safari/419.3) Arora/0.3 (Change: 287 c9dfb30)",Arora,0,102be75f-0eaf-4db5-a03b-39cf4e627c39
1480895575707615238,,304,Ashburn,54.227.93.32,302,US,USA,United States,Other,,39.0437,-77.4875,GET,Windows XP,,HTTP/1.1,,-,VA,GET / HTTP/1.1,,2014-05-04T07:49:17Z,/,"Mozilla/5.0 (Windows; U; Windows NT 5.1; zh-CN) AppleWebKit/523.15 (KHTML, like Gecko, Safari/419.3) Arora/0.3 (Change: 287 c9dfb30)",Arora,0,bdfcbe1f-1229-4f0c-9232-37eda3109a1c
1480895575707615239,accounts,423,Ashburn,54.227.93.32,302,US,USA,United States,Other,,39.0437,-77.4875,GET,Windows 98,,HTTP/1.1,,-,VA,GET /accounts/login/?next=/ HTTP/1.1,login,2014-05-04T07:49:16Z,/accounts/login/?next=/,Mozilla/4.7 (compatible; OffByOne; Windows 98),Other,,b615c73e-f136-4b3f-a9bd-1378cd35a134
1480895575708663808,,304,Ashburn,54.227.93.32,302,US,USA,United States,Other,,39.0437,-77.4875,GET,Windows 98,,HTTP/1.1,,-,VA,GET / HTTP/1.1,,2014-05-04T07:49:17Z,/,Mozilla/4.7 (compatible; OffByOne; Windows 98),Other,,e0646c9b-f694-4904-b128-b7003119a5d4
1480895575708663809,accounts,423,Ashburn,54.227.93.32,302,US,USA,United States,Other,,39.0437,-77.4875,GET,Windows XP,,HTTP/1.1,,-,VA,GET /accounts/login/?next=/ HTTP/1.1,login,2014-05-04T07:49:17Z,/accounts/login/?next=/,"Mozilla/5.0 (Windows; U; Windows NT 5.1; zh-CN) AppleWebKit/523.15 (KHTML, like Gecko, Safari/419.3) Arora/0.3 (Change: 287 c9dfb30)",Arora,0,077ac404-cff2-4bdb-a0e3-767c492d710a
1480895575708663810,,304,Ashburn,54.227.93.32,302,US,USA,United States,Other,,39.0437,-77.4875,GET,Windows XP,,HTTP/1.1,,-,VA,GET / HTTP/1.1,,2014-05-04T07:49:17Z,/,"Mozilla/5.0 (Windows; U; Windows NT 5.1; zh-CN) AppleWebKit/523.15 (KHTML, like Gecko, Safari/419.3) Arora/0.3 (Change: 287 c9dfb30)",Arora,0,7c1d1425-6789-4308-83e0-4f02fe524199
1480895575708663811,accounts,423,Ashburn,54.227.93.32,302,US,USA,United States,Other,,39.0437,-77.4875,GET,Windows 98,,HTTP/1.1,,-,VA,GET /accounts/login/?next=/ HTTP/1.1,login,2014-05-04T07:49:17Z,/accounts/login/?next=/,Mozilla/4.7 (compatible; OffByOne; Windows 98),Other,,7027a675-ffe1-44f7-87d0-5491800c18e7
1480895575708663812,,304,Ashburn,54.227.93.32,302,US,USA,United States,Other,,39.0437,-77.4875,GET,Windows 98,,HTTP/1.1,,-,VA,GET / HTTP/1.1,,2014-05-04T07:49:17Z,/,Mozilla/4.7 (compatible; OffByOne; Windows 98),Other,,67329d59-02b9-455d-8be6-40855bab86ef
1480895575708663813,accounts,423,Ashburn,54.227.93.32,302,US,USA,United States,Other,,39.0437,-77.4875,GET,Windows XP,,HTTP/1.1,,-,VA,GET /accounts/login/?next=/ HTTP/1.1,login,2014-05-04T07:49:17Z,/accounts/login/?next=/,"Mozilla/5.0 (Windows; U; Windows NT 5.1; zh-CN) AppleWebKit/523.15 (KHTML, like Gecko, Safari/419.3) Arora/0.3 (Change: 287 c9dfb30)",Arora,0,bed58bcf-c2e9-44e5-9a4a-d0dd4bd2194e
1480895575708663814,,304,Ashburn,54.227.93.32,302,US,USA,United States,Other,,39.0437,-77.4875,GET,Windows XP,,HTTP/1.1,,-,VA,GET / HTTP/1.1,,2014-05-04T07:49:17Z,/,"Mozilla/5.0 (Windows; U; Windows NT 5.1; zh-CN) AppleWebKit/523.15 (KHTML, like Gecko, Safari/419.3) Arora/0.3 (Change: 287 c9dfb30)",Arora,0,d8e6a893-6a64-4ad0-a6c2-164a3b70b459
1480895575708663815,accounts,423,Ashburn,54.227.93.32,302,US,USA,United States,Other,,39.0437,-77.4875,GET,Windows XP,,HTTP/1.1,,-,VA,GET /accounts/login/?next=/ HTTP/1.1,login,2014-05-04T07:49:17Z,/accounts/login/?next=/,"Mozilla/5.0 (Windows; U; Windows NT 5.1; zh-CN) AppleWebKit/523.15 (KHTML, like Gecko, Safari/419.3) Arora/0.3 (Change: 287 c9dfb30)",Arora,0,ed984946-f0bc-4a84-8789-d00ec6e371d9
1480895575709712384,,304,Ashburn,54.227.93.32,302,US,USA,United States,Other,,39.0437,-77.4875,GET,Windows XP,,HTTP/1.1,,-,VA,GET / HTTP/1.1,,2014-05-04T07:49:17Z,/,"Mozilla/5.0 (Windows; U; Windows NT 5.1; zh-CN) AppleWebKit/523.15 (KHTML, like Gecko, Safari/419.3) Arora/0.3 (Change: 287 c9dfb30)",Arora,0,e2e262db-93bb-4667-b936-685a3bf9922c
1480895575709712385,accounts,423,Ashburn,54.227.93.32,302,US,USA,United States,Other,,39.0437,-77.4875,GET,Windows 2000,,HTTP/1.1,,-,VA,GET /accounts/login/?next=/ HTTP/1.1,login,2014-05-04T07:49:16Z,/accounts/login/?next=/,Mozilla/4.7 (compatible; OffByOne; Windows 2000),Other,,f2d79cd2-a9db-46d5-b309-633374db259b
1480895575709712386,,318,Ashburn,54.227.93.32,302,US,USA,United States,Other,,39.0437,-77.4875,GET,Windows 2000,,HTTP/1.1,,-,VA,GET / HTTP/1.1,,2014-05-04T07:49:17Z,/,Mozilla/4.7 (compatible; OffByOne; Windows 2000),Other,,3f81a97c-f4c7-4a3a-80f1-6601645f8586
1480895575709712387,accounts,423,Ashburn,54.227.93.32,302,US,USA,United States,Other,,39.0437,-77.4875,GET,Windows XP,,HTTP/1.1,,-,VA,GET /accounts/login/?next=/ HTTP/1.1,login,2014-05-04T07:49:17Z,/accounts/login/?next=/,"Mozilla/5.0 (Windows; U; Windows NT 5.1; zh-CN) AppleWebKit/523.15 (KHTML, like Gecko, Safari/419.3) Arora/0.3 (Change: 287 c9dfb30)",Arora,0,18116f7c-e6ca-44f1-a583-99751ce60ca6
1480895575709712388,,318,Ashburn,54.227.93.32,302,US,USA,United States,Other,,39.0437,-77.4875,GET,Windows XP,,HTTP/1.1,,-,VA,GET / HTTP/1.1,,2014-05-04T07:49:18Z,/,"Mozilla/5.0 (Windows; U; Windows NT 5.1; zh-CN) AppleWebKit/523.15 (KHTML, like Gecko, Safari/419.3) Arora/0.3 (Change: 287 c9dfb30)",Arora,0,71d7bebe-d146-4147-8111-a3dd50dd0fb9
1480895575709712389,accounts,423,Ashburn,54.227.93.32,302,US,USA,United States,Other,,39.0437,-77.4875,GET,Windows XP,,HTTP/1.1,,-,VA,GET /accounts/login/?next=/ HTTP/1.1,login,2014-05-04T07:49:18Z,/accounts/login/?next=/,"Mozilla/5.0 (Windows; U; Windows NT 5.1; zh-CN) AppleWebKit/523.15 (KHTML, like Gecko, Safari/419.3) Arora/0.3 (Change: 287 c9dfb30)",Arora,0,fa2952ac-d1bf-47e2-a5ed-0c659559f9a4
1480895575709712390,,318,Ashburn,54.227.93.32,302,US,USA,United States,Other,,39.0437,-77.4875,GET,Windows XP,,HTTP/1.1,,-,VA,GET / HTTP/1.1,,2014-05-04T07:49:18Z,/,"Mozilla/5.0 (Windows; U; Windows NT 5.1; zh-CN) AppleWebKit/523.15 (KHTML, like Gecko, Safari/419.3) Arora/0.3 (Change: 287 c9dfb30)",Arora,0,e4bda130-1ecb-4009-8b76-d72e430fe312
1480895575710760960,accounts,423,Ashburn,54.227.93.32,302,US,USA,United States,Other,,39.0437,-77.4875,GET,Windows XP,,HTTP/1.1,,-,VA,GET /accounts/login/?next=/ HTTP/1.1,login,2014-05-04T07:49:18Z,/accounts/login/?next=/,"Mozilla/5.0 (Windows; U; Windows NT 5.1; zh-CN) AppleWebKit/523.15 (KHTML, like Gecko, Safari/419.3) Arora/0.3 (Change: 287 c9dfb30)",Arora,0,dd950b38-65eb-4dbd-a70d-6eada0e09e72
1480895575710760961,,318,Ashburn,54.227.93.32,302,US,USA,United States,Other,,39.0437,-77.4875,GET,Windows XP,,HTTP/1.1,,-,VA,GET / HTTP/1.1,,2014-05-04T07:49:18Z,/,"Mozilla/5.0 (Windows; U; Windows NT 5.1; zh-CN) AppleWebKit/523.15 (KHTML, like Gecko, Safari/419.3) Arora/0.3 (Change: 287 c9dfb30)",Arora,0,a43add10-edd4-41ad-973a-5d25aa13bf57
1480895575710760962,accounts,423,Ashburn,54.227.93.32,302,US,USA,United States,Other,,39.0437,-77.4875,GET,Windows XP,,HTTP/1.1,,-,VA,GET /accounts/login/?next=/ HTTP/1.1,login,2014-05-04T07:49:18Z,/accounts/login/?next=/,"Mozilla/5.0 (Windows; U; Windows NT 5.1; zh-CN) AppleWebKit/523.15 (KHTML, like Gecko, Safari/419.3) Arora/0.3 (Change: 287 c9dfb30)",Arora,0,441198e8-5e25-4b2d-9d67-f790161bf466
1480895575710760963,,318,Ashburn,54.227.93.32,302,US,USA,United States,Other,,39.0437,-77.4875,GET,Windows XP,,HTTP/1.1,,-,VA,GET / HTTP/1.1,,2014-05-04T07:49:18Z,/,"Mozilla/5.0 (Windows; U; Windows NT 5.1; zh-CN) AppleWebKit/523.15 (KHTML, like Gecko, Safari/419.3) Arora/0.3 (Change: 287 c9dfb30)",Arora,0,db662da7-dd61-48de-85ee-a00fe38445b6
1480895575710760964,accounts,423,Ashburn,54.227.93.32,302,US,USA,United States,Other,,39.0437,-77.4875,GET,Windows XP,,HTTP/1.1,,-,VA,GET /accounts/login/?next=/ HTTP/1.1,login,2014-05-04T07:49:18Z,/accounts/login/?next=/,"Mozilla/5.0 (Windows; U; Windows NT 5.1; zh-CN) AppleWebKit/523.15 (KHTML, like Gecko, Safari/419.3) Arora/0.3 (Change: 287 c9dfb30)",Arora,0,63ba1477-0eb4-43fb-b711-fdcdcec99b2a
1480895575710760965,,304,Ashburn,54.227.93.32,302,US,USA,United States,Other,,39.0437,-77.4875,GET,Windows XP,,HTTP/1.1,,-,VA,GET / HTTP/1.1,,2014-05-04T07:49:18Z,/,"Mozilla/5.0 (Windows; U; Windows NT 5.1; zh-CN) AppleWebKit/523.15 (KHTML, like Gecko, Safari/419.3) Arora/0.3 (Change: 287 c9dfb30)",Arora,0,05f2868f-19e2-4939-b6df-eb28aa368ad4
1480895575710760966,accounts,423,Ashburn,54.227.93.32,302,US,USA,United States,Other,,39.0437,-77.4875,GET,Windows XP,,HTTP/1.1,,-,VA,GET /accounts/login/?next=/ HTTP/1.1,login,2014-05-04T07:49:18Z,/accounts/login/?next=/,"Mozilla/5.0 (Windows; U; Windows NT 5.1; zh-CN) AppleWebKit/523.15 (KHTML, like Gecko, Safari/419.3) Arora/0.3 (Change: 287 c9dfb30)",Arora,0,793d311b-3e56-4376-953a-e9eec21ae22f